[2026-06-06 13:23:39.580] [info] Storage: read data file = c:\Users\bakel\Desktop\New_GRFMuscleModel\data/Ulrich_Young_Walkers/Subject1\ExpmtlData/GRF/walking_baseline1_forces.mot (nr=121120 nc=19)
[2026-06-06 13:23:39.652] [info] Storage: read data file = c:\Users\bakel\Desktop\New_GRFMuscleModel\data/Ulrich_Young_Walkers/Subject1\StaticOpt/walking_baseline1\results_forces.sto (nr=3028 nc=118)
[2026-06-06 13:23:39.800] [info] Storage: read data file = c:\Users\bakel\Desktop\New_GRFMuscleModel\data/Ulrich_Young_Walkers/Subject1\StaticOpt/walking_baseline1\results_JointReaction_JointRxn_ReactionLoads.sto (nr=3028 nc=127)
[2026-06-06 13:23:40.007] [info] Storage: read data file = c:\Users\bakel\Desktop\New_GRFMuscleModel\data/Ulrich_Young_Walkers/Subject1\ExpmtlData/GRF/walking_FBexp1_finalNoFB1_forces.mot (nr=122200 nc=19)
[2026-06-06 13:23:40.078] [info] Storage: read data file = c:\Users\bakel\Desktop\New_GRFMuscleModel\data/Ulrich_Young_Walkers/Subject1\StaticOpt/walking_FBexp1_finalNoFB1\results_forces.sto (nr=3055 nc=118)
[2026-06-06 13:23:40.236] [info] Storage: read data file = c:\Users\bakel\Desktop\New_GRFMuscleModel\data/Ulrich_Young_Walkers/Subject1\StaticOpt/walking_FBexp1_finalNoFB1\results_JointReaction_JointRxn_ReactionLoads.sto (nr=3055 nc=127)
[2026-06-06 13:23:40.437] [info] Storage: read data file = c:\Users\bakel\Desktop\New_GRFMuscleModel\data/Ulrich_Young_Walkers/Subject1\ExpmtlData/GRF/walking_FBexp1_finalFB1_forces.mot (nr=121160 nc=19)
[2026-06-06 13:23:40.509] [info] Storage: read data file = c:\Users\bakel\Desktop\New_GRFMuscleModel\data/Ulrich_Young_Walkers/Subject1\StaticOpt/walking_FBexp1_finalFB1\results_forces.sto (nr=3029 nc=118)
[2026-06-06 13:23:40.674] [info] Storage: read data file = c:\Users\bakel\Desktop\New_GRFMuscleModel\data/Ulrich_Young_Walkers/Subject1\StaticOpt/walking_FBexp1_finalFB1\results_JointReaction_JointRxn_ReactionLoads.sto (nr=3029 nc=127)
[2026-06-06 13:23:40.890] [info] Storage: read data file = c:\Users\bakel\Desktop\New_GRFMuscleModel\data/Ulrich_Young_Walkers/Subject1\ExpmtlData/GRF/walking_FBcolor1_finalNoFB1_forces.mot (nr=115840 nc=19)
[2026-06-06 13:23:40.958] [info] Storage: read data file = c:\Users\bakel\Desktop\New_GRFMuscleModel\data/Ulrich_Young_Walkers/Subject1\StaticOpt/walking_FBcolor1_finalNoFB1\results_forces.sto (nr=2896 nc=118)
[2026-06-06 13:23:41.105] [info] Storage: read data file = c:\Users\bakel\Desktop\New_GRFMuscleModel\data/Ulrich_Young_Walkers/Subject1\StaticOpt/walking_FBcolor1_finalNoFB1\results_JointReaction_JointRxn_ReactionLoads.sto (nr=2896 nc=127)
[2026-06-06 13:23:41.300] [info] Storage: read data file = c:\Users\bakel\Desktop\New_GRFMuscleModel\data/Ulrich_Young_Walkers/Subject1\ExpmtlData/GRF/walking_FBcolor1_finalFB1_forces.mot (nr=119280 nc=19)
[2026-06-06 13:23:41.368] [info] Storage: read data file = c:\Users\bakel\Desktop\New_GRFMuscleModel\data/Ulrich_Young_Walkers/Subject1\StaticOpt/walking_FBcolor1_finalFB1\results_forces.sto (nr=2982 nc=118)
[2026-06-06 13:23:41.515] [info] Storage: read data file = c:\Users\bakel\Desktop\New_GRFMuscleModel\data/Ulrich_Young_Walkers/Subject1\StaticOpt/walking_FBcolor1_finalFB1\results_JointReaction_JointRxn_ReactionLoads.sto (nr=2982 nc=127)
[2026-06-06 13:23:41.714] [info] Storage: read data file = c:\Users\bakel\Desktop\New_GRFMuscleModel\data/Ulrich_Young_Walkers/Subject1\ExpmtlData/GRF/walking_FBcolor2_finalNoFB1_forces.mot (nr=114680 nc=19)
[2026-06-06 13:23:41.790] [info] Storage: read data file = c:\Users\bakel\Desktop\New_GRFMuscleModel\data/Ulrich_Young_Walkers/Subject1\StaticOpt/walking_FBcolor2_finalNoFB1\results_forces.sto (nr=2867 nc=118)
[2026-06-06 13:23:41.933] [info] Storage: read data file = c:\Users\bakel\Desktop\New_GRFMuscleModel\data/Ulrich_Young_Walkers/Subject1\StaticOpt/walking_FBcolor2_finalNoFB1\results_JointReaction_JointRxn_ReactionLoads.sto (nr=2867 nc=127)
[2026-06-06 13:23:42.128] [info] Storage: read data file = c:\Users\bakel\Desktop\New_GRFMuscleModel\data/Ulrich_Young_Walkers/Subject1\ExpmtlData/GRF/walking_FBcolor2_finalFB1_forces.mot (nr=119480 nc=19)
[2026-06-06 13:23:42.199] [info] Storage: read data file = c:\Users\bakel\Desktop\New_GRFMuscleModel\data/Ulrich_Young_Walkers/Subject1\StaticOpt/walking_FBcolor2_finalFB1\results_forces.sto (nr=2987 nc=118)
[2026-06-06 13:23:42.345] [info] Storage: read data file = c:\Users\bakel\Desktop\New_GRFMuscleModel\data/Ulrich_Young_Walkers/Subject1\StaticOpt/walking_FBcolor2_finalFB1\results_JointReaction_JointRxn_ReactionLoads.sto (nr=2987 nc=127)
[2026-06-06 13:23:42.538] [info] Storage: read data file = c:\Users\bakel\Desktop\New_GRFMuscleModel\data/Ulrich_Young_Walkers/Subject1\ExpmtlData/GRF/walking_retention1_forces.mot (nr=679640 nc=19)
[2026-06-06 13:23:42.908] [info] Storage: read data file = c:\Users\bakel\Desktop\New_GRFMuscleModel\data/Ulrich_Young_Walkers/Subject1\StaticOpt/walking_retention1\results_forces.sto (nr=16991 nc=118)
[2026-06-06 13:23:43.742] [info] Storage: read data file = c:\Users\bakel\Desktop\New_GRFMuscleModel\data/Ulrich_Young_Walkers/Subject1\StaticOpt/walking_retention1\results_JointReaction_JointRxn_ReactionLoads.sto (nr=16991 nc=127)
[2026-06-06 13:23:44.863] [info] Storage: read data file = c:\Users\bakel\Desktop\New_GRFMuscleModel\data/Ulrich_Young_Walkers/Subject2\ExpmtlData/GRF/walking_baseline1_forces.mot (nr=171720 nc=19)
[2026-06-06 13:23:44.961] [info] Storage: read data file = c:\Users\bakel\Desktop\New_GRFMuscleModel\data/Ulrich_Young_Walkers/Subject2\StaticOpt/walking_baseline1\results_forces.sto (nr=4293 nc=118)
[2026-06-06 13:23:45.170] [info] Storage: read data file = c:\Users\bakel\Desktop\New_GRFMuscleModel\data/Ulrich_Young_Walkers/Subject2\StaticOpt/walking_baseline1\results_JointReaction_JointRxn_ReactionLoads.sto (nr=4293 nc=127)
[2026-06-06 13:23:45.464] [info] Storage: read data file = c:\Users\bakel\Desktop\New_GRFMuscleModel\data/Ulrich_Young_Walkers/Subject2\ExpmtlData/GRF/walking_FBexp1_finalNoFB1_forces.mot (nr=120360 nc=19)
[2026-06-06 13:23:45.534] [info] Storage: read data file = c:\Users\bakel\Desktop\New_GRFMuscleModel\data/Ulrich_Young_Walkers/Subject2\StaticOpt/walking_FBexp1_finalNoFB1\results_forces.sto (nr=3009 nc=118)
[2026-06-06 13:23:45.683] [info] Storage: read data file = c:\Users\bakel\Desktop\New_GRFMuscleModel\data/Ulrich_Young_Walkers/Subject2\StaticOpt/walking_FBexp1_finalNoFB1\results_JointReaction_JointRxn_ReactionLoads.sto (nr=3009 nc=127)
[2026-06-06 13:23:45.880] [info] Storage: read data file = c:\Users\bakel\Desktop\New_GRFMuscleModel\data/Ulrich_Young_Walkers/Subject2\ExpmtlData/GRF/walking_FBexp1_finalFB1_forces.mot (nr=119200 nc=19)
[2026-06-06 13:23:45.950] [info] Storage: read data file = c:\Users\bakel\Desktop\New_GRFMuscleModel\data/Ulrich_Young_Walkers/Subject2\StaticOpt/walking_FBexp1_finalFB1\results_forces.sto (nr=2980 nc=118)
[2026-06-06 13:23:46.096] [info] Storage: read data file = c:\Users\bakel\Desktop\New_GRFMuscleModel\data/Ulrich_Young_Walkers/Subject2\StaticOpt/walking_FBexp1_finalFB1\results_JointReaction_JointRxn_ReactionLoads.sto (nr=2980 nc=127)
[2026-06-06 13:23:46.296] [info] Storage: read data file = c:\Users\bakel\Desktop\New_GRFMuscleModel\data/Ulrich_Young_Walkers/Subject2\ExpmtlData/GRF/walking_FBcolor1_finalNoFB1_forces.mot (nr=121000 nc=19)
[2026-06-06 13:23:46.371] [info] Storage: read data file = c:\Users\bakel\Desktop\New_GRFMuscleModel\data/Ulrich_Young_Walkers/Subject2\StaticOpt/walking_FBcolor1_finalNoFB1\results_forces.sto (nr=3025 nc=118)
[2026-06-06 13:23:46.520] [info] Storage: read data file = c:\Users\bakel\Desktop\New_GRFMuscleModel\data/Ulrich_Young_Walkers/Subject2\StaticOpt/walking_FBcolor1_finalNoFB1\results_JointReaction_JointRxn_ReactionLoads.sto (nr=3025 nc=127)
[2026-06-06 13:23:46.727] [info] Storage: read data file = c:\Users\bakel\Desktop\New_GRFMuscleModel\data/Ulrich_Young_Walkers/Subject2\ExpmtlData/GRF/walking_FBcolor1_finalFB1_forces.mot (nr=119360 nc=19)
[2026-06-06 13:23:46.798] [info] Storage: read data file = c:\Users\bakel\Desktop\New_GRFMuscleModel\data/Ulrich_Young_Walkers/Subject2\StaticOpt/walking_FBcolor1_finalFB1\results_forces.sto (nr=2984 nc=118)
[2026-06-06 13:23:46.946] [info] Storage: read data file = c:\Users\bakel\Desktop\New_GRFMuscleModel\data/Ulrich_Young_Walkers/Subject2\StaticOpt/walking_FBcolor1_finalFB1\results_JointReaction_JointRxn_ReactionLoads.sto (nr=2984 nc=127)
[2026-06-06 13:23:47.140] [info] Storage: read data file = c:\Users\bakel\Desktop\New_GRFMuscleModel\data/Ulrich_Young_Walkers/Subject2\ExpmtlData/GRF/walking_FBcolor2_finalNoFB1_forces.mot (nr=122160 nc=19)
[2026-06-06 13:23:47.240] [info] Storage: read data file = c:\Users\bakel\Desktop\New_GRFMuscleModel\data/Ulrich_Young_Walkers/Subject2\StaticOpt/walking_FBcolor2_finalNoFB1\results_forces.sto (nr=3054 nc=118)
[2026-06-06 13:23:47.398] [info] Storage: read data file = c:\Users\bakel\Desktop\New_GRFMuscleModel\data/Ulrich_Young_Walkers/Subject2\StaticOpt/walking_FBcolor2_finalNoFB1\results_JointReaction_JointRxn_ReactionLoads.sto (nr=3054 nc=127)
[2026-06-06 13:23:47.626] [info] Storage: read data file = c:\Users\bakel\Desktop\New_GRFMuscleModel\data/Ulrich_Young_Walkers/Subject2\ExpmtlData/GRF/walking_FBcolor2_finalFB1_forces.mot (nr=121000 nc=19)
[2026-06-06 13:23:47.697] [info] Storage: read data file = c:\Users\bakel\Desktop\New_GRFMuscleModel\data/Ulrich_Young_Walkers/Subject2\StaticOpt/walking_FBcolor2_finalFB1\results_forces.sto (nr=3025 nc=118)
[2026-06-06 13:23:47.845] [info] Storage: read data file = c:\Users\bakel\Desktop\New_GRFMuscleModel\data/Ulrich_Young_Walkers/Subject2\StaticOpt/walking_FBcolor2_finalFB1\results_JointReaction_JointRxn_ReactionLoads.sto (nr=3025 nc=127)
[2026-06-06 13:23:48.055] [info] Storage: read data file = c:\Users\bakel\Desktop\New_GRFMuscleModel\data/Ulrich_Young_Walkers/Subject2\ExpmtlData/GRF/walking_retention1_forces.mot (nr=761800 nc=19)
[2026-06-06 13:23:48.469] [info] Storage: read data file = c:\Users\bakel\Desktop\New_GRFMuscleModel\data/Ulrich_Young_Walkers/Subject2\StaticOpt/walking_retention1\results_forces.sto (nr=19045 nc=118)
[2026-06-06 13:23:49.371] [info] Storage: read data file = c:\Users\bakel\Desktop\New_GRFMuscleModel\data/Ulrich_Young_Walkers/Subject2\StaticOpt/walking_retention1\results_JointReaction_JointRxn_ReactionLoads.sto (nr=19045 nc=127)
[2026-06-06 13:23:50.580] [info] Storage: read data file = c:\Users\bakel\Desktop\New_GRFMuscleModel\data/Ulrich_Young_Walkers/Subject3\ExpmtlData/GRF/walking_baseline1_forces.mot (nr=197280 nc=19)
[2026-06-06 13:23:50.691] [info] Storage: read data file = c:\Users\bakel\Desktop\New_GRFMuscleModel\data/Ulrich_Young_Walkers/Subject3\StaticOpt/walking_baseline1\results_forces.sto (nr=4932 nc=118)
[2026-06-06 13:23:50.939] [info] Storage: read data file = c:\Users\bakel\Desktop\New_GRFMuscleModel\data/Ulrich_Young_Walkers/Subject3\StaticOpt/walking_baseline1\results_JointReaction_JointRxn_ReactionLoads.sto (nr=4932 nc=127)
[2026-06-06 13:23:51.260] [info] Storage: read data file = c:\Users\bakel\Desktop\New_GRFMuscleModel\data/Ulrich_Young_Walkers/Subject3\ExpmtlData/GRF/walking_FBexp1_finalNoFB1_forces.mot (nr=127560 nc=19)
[2026-06-06 13:23:51.334] [info] Storage: read data file = c:\Users\bakel\Desktop\New_GRFMuscleModel\data/Ulrich_Young_Walkers/Subject3\StaticOpt/walking_FBexp1_finalNoFB1\results_forces.sto (nr=3189 nc=118)
[2026-06-06 13:23:51.491] [info] Storage: read data file = c:\Users\bakel\Desktop\New_GRFMuscleModel\data/Ulrich_Young_Walkers/Subject3\StaticOpt/walking_FBexp1_finalNoFB1\results_JointReaction_JointRxn_ReactionLoads.sto (nr=3189 nc=127)
[2026-06-06 13:23:51.698] [info] Storage: read data file = c:\Users\bakel\Desktop\New_GRFMuscleModel\data/Ulrich_Young_Walkers/Subject3\ExpmtlData/GRF/walking_FBexp1_finalFB1_forces.mot (nr=119760 nc=19)
[2026-06-06 13:23:51.770] [info] Storage: read data file = c:\Users\bakel\Desktop\New_GRFMuscleModel\data/Ulrich_Young_Walkers/Subject3\StaticOpt/walking_FBexp1_finalFB1\results_forces.sto (nr=2994 nc=118)
[2026-06-06 13:23:51.920] [info] Storage: read data file = c:\Users\bakel\Desktop\New_GRFMuscleModel\data/Ulrich_Young_Walkers/Subject3\StaticOpt/walking_FBexp1_finalFB1\results_JointReaction_JointRxn_ReactionLoads.sto (nr=2994 nc=127)
[2026-06-06 13:23:52.119] [info] Storage: read data file = c:\Users\bakel\Desktop\New_GRFMuscleModel\data/Ulrich_Young_Walkers/Subject3\ExpmtlData/GRF/walking_FBcolor1_finalNoFB1_forces.mot (nr=131960 nc=19)
[2026-06-06 13:23:52.194] [info] Storage: read data file = c:\Users\bakel\Desktop\New_GRFMuscleModel\data/Ulrich_Young_Walkers/Subject3\StaticOpt/walking_FBcolor1_finalNoFB1\results_forces.sto (nr=3299 nc=118)
[2026-06-06 13:23:52.358] [info] Storage: read data file = c:\Users\bakel\Desktop\New_GRFMuscleModel\data/Ulrich_Young_Walkers/Subject3\StaticOpt/walking_FBcolor1_finalNoFB1\results_JointReaction_JointRxn_ReactionLoads.sto (nr=3299 nc=127)
[2026-06-06 13:23:52.574] [info] Storage: read data file = c:\Users\bakel\Desktop\New_GRFMuscleModel\data/Ulrich_Young_Walkers/Subject3\ExpmtlData/GRF/walking_FBcolor1_finalFB1_forces.mot (nr=120920 nc=19)
[2026-06-06 13:23:52.646] [info] Storage: read data file = c:\Users\bakel\Desktop\New_GRFMuscleModel\data/Ulrich_Young_Walkers/Subject3\StaticOpt/walking_FBcolor1_finalFB1\results_forces.sto (nr=3023 nc=118)
[2026-06-06 13:23:52.792] [info] Storage: read data file = c:\Users\bakel\Desktop\New_GRFMuscleModel\data/Ulrich_Young_Walkers/Subject3\StaticOpt/walking_FBcolor1_finalFB1\results_JointReaction_JointRxn_ReactionLoads.sto (nr=3023 nc=127)
[2026-06-06 13:23:52.992] [info] Storage: read data file = c:\Users\bakel\Desktop\New_GRFMuscleModel\data/Ulrich_Young_Walkers/Subject3\ExpmtlData/GRF/walking_FBcolor2_finalNoFB1_forces.mot (nr=128760 nc=19)
[2026-06-06 13:23:53.065] [info] Storage: read data file = c:\Users\bakel\Desktop\New_GRFMuscleModel\data/Ulrich_Young_Walkers/Subject3\StaticOpt/walking_FBcolor2_finalNoFB1\results_forces.sto (nr=3219 nc=118)
[2026-06-06 13:23:53.221] [info] Storage: read data file = c:\Users\bakel\Desktop\New_GRFMuscleModel\data/Ulrich_Young_Walkers/Subject3\StaticOpt/walking_FBcolor2_finalNoFB1\results_JointReaction_JointRxn_ReactionLoads.sto (nr=3219 nc=127)
[2026-06-06 13:23:53.448] [info] Storage: read data file = c:\Users\bakel\Desktop\New_GRFMuscleModel\data/Ulrich_Young_Walkers/Subject3\ExpmtlData/GRF/walking_FBcolor2_finalFB1_forces.mot (nr=120400 nc=19)
[2026-06-06 13:23:53.517] [info] Storage: read data file = c:\Users\bakel\Desktop\New_GRFMuscleModel\data/Ulrich_Young_Walkers/Subject3\StaticOpt/walking_FBcolor2_finalFB1\results_forces.sto (nr=3010 nc=118)
[2026-06-06 13:23:53.665] [info] Storage: read data file = c:\Users\bakel\Desktop\New_GRFMuscleModel\data/Ulrich_Young_Walkers/Subject3\StaticOpt/walking_FBcolor2_finalFB1\results_JointReaction_JointRxn_ReactionLoads.sto (nr=3010 nc=127)
[2026-06-06 13:23:53.863] [info] Storage: read data file = c:\Users\bakel\Desktop\New_GRFMuscleModel\data/Ulrich_Young_Walkers/Subject3\ExpmtlData/GRF/walking_retention1_forces.mot (nr=752080 nc=19)
[2026-06-06 13:23:54.273] [info] Storage: read data file = c:\Users\bakel\Desktop\New_GRFMuscleModel\data/Ulrich_Young_Walkers/Subject3\StaticOpt/walking_retention1\results_forces.sto (nr=18802 nc=118)
[2026-06-06 13:23:55.170] [info] Storage: read data file = c:\Users\bakel\Desktop\New_GRFMuscleModel\data/Ulrich_Young_Walkers/Subject3\StaticOpt/walking_retention1\results_JointReaction_JointRxn_ReactionLoads.sto (nr=18802 nc=127)
[2026-06-06 13:23:56.390] [info] Storage: read data file = c:\Users\bakel\Desktop\New_GRFMuscleModel\data/Ulrich_Young_Walkers/Subject4\ExpmtlData/GRF/walking_baseline1_forces.mot (nr=190480 nc=19)
[2026-06-06 13:23:56.497] [info] Storage: read data file = c:\Users\bakel\Desktop\New_GRFMuscleModel\data/Ulrich_Young_Walkers/Subject4\StaticOpt/walking_baseline1\results_forces.sto (nr=4762 nc=118)
[2026-06-06 13:23:56.731] [info] Storage: read data file = c:\Users\bakel\Desktop\New_GRFMuscleModel\data/Ulrich_Young_Walkers/Subject4\StaticOpt/walking_baseline1\results_JointReaction_JointRxn_ReactionLoads.sto (nr=4762 nc=127)
[2026-06-06 13:23:57.044] [info] Storage: read data file = c:\Users\bakel\Desktop\New_GRFMuscleModel\data/Ulrich_Young_Walkers/Subject4\ExpmtlData/GRF/walking_FBexp1_finalNoFB1_forces.mot (nr=130200 nc=19)
[2026-06-06 13:23:57.119] [info] Storage: read data file = c:\Users\bakel\Desktop\New_GRFMuscleModel\data/Ulrich_Young_Walkers/Subject4\StaticOpt/walking_FBexp1_finalNoFB1\results_forces.sto (nr=3255 nc=118)
[2026-06-06 13:23:57.278] [info] Storage: read data file = c:\Users\bakel\Desktop\New_GRFMuscleModel\data/Ulrich_Young_Walkers/Subject4\StaticOpt/walking_FBexp1_finalNoFB1\results_JointReaction_JointRxn_ReactionLoads.sto (nr=3255 nc=127)
[2026-06-06 13:23:57.491] [info] Storage: read data file = c:\Users\bakel\Desktop\New_GRFMuscleModel\data/Ulrich_Young_Walkers/Subject4\ExpmtlData/GRF/walking_FBexp1_finalFB1_forces.mot (nr=123720 nc=19)
[2026-06-06 13:23:57.562] [info] Storage: read data file = c:\Users\bakel\Desktop\New_GRFMuscleModel\data/Ulrich_Young_Walkers/Subject4\StaticOpt/walking_FBexp1_finalFB1\results_forces.sto (nr=3093 nc=118)
[2026-06-06 13:23:57.714] [info] Storage: read data file = c:\Users\bakel\Desktop\New_GRFMuscleModel\data/Ulrich_Young_Walkers/Subject4\StaticOpt/walking_FBexp1_finalFB1\results_JointReaction_JointRxn_ReactionLoads.sto (nr=3093 nc=127)
[2026-06-06 13:23:57.915] [info] Storage: read data file = c:\Users\bakel\Desktop\New_GRFMuscleModel\data/Ulrich_Young_Walkers/Subject4\ExpmtlData/GRF/walking_FBcolor1_finalNoFB1_forces.mot (nr=124600 nc=19)
[2026-06-06 13:23:57.988] [info] Storage: read data file = c:\Users\bakel\Desktop\New_GRFMuscleModel\data/Ulrich_Young_Walkers/Subject4\StaticOpt/walking_FBcolor1_finalNoFB1\results_forces.sto (nr=3115 nc=118)
[2026-06-06 13:23:58.163] [info] Storage: read data file = c:\Users\bakel\Desktop\New_GRFMuscleModel\data/Ulrich_Young_Walkers/Subject4\StaticOpt/walking_FBcolor1_finalNoFB1\results_JointReaction_JointRxn_ReactionLoads.sto (nr=3115 nc=127)
[2026-06-06 13:23:58.375] [info] Storage: read data file = c:\Users\bakel\Desktop\New_GRFMuscleModel\data/Ulrich_Young_Walkers/Subject4\ExpmtlData/GRF/walking_FBcolor1_finalFB1_forces.mot (nr=121400 nc=19)
[2026-06-06 13:23:58.447] [info] Storage: read data file = c:\Users\bakel\Desktop\New_GRFMuscleModel\data/Ulrich_Young_Walkers/Subject4\StaticOpt/walking_FBcolor1_finalFB1\results_forces.sto (nr=3035 nc=118)
[2026-06-06 13:23:58.594] [info] Storage: read data file = c:\Users\bakel\Desktop\New_GRFMuscleModel\data/Ulrich_Young_Walkers/Subject4\StaticOpt/walking_FBcolor1_finalFB1\results_JointReaction_JointRxn_ReactionLoads.sto (nr=3035 nc=127)
[2026-06-06 13:23:58.791] [info] Storage: read data file = c:\Users\bakel\Desktop\New_GRFMuscleModel\data/Ulrich_Young_Walkers/Subject4\ExpmtlData/GRF/walking_FBcolor2_finalNoFB1_forces.mot (nr=121440 nc=19)
[2026-06-06 13:23:58.861] [info] Storage: read data file = c:\Users\bakel\Desktop\New_GRFMuscleModel\data/Ulrich_Young_Walkers/Subject4\StaticOpt/walking_FBcolor2_finalNoFB1\results_forces.sto (nr=3036 nc=118)
[2026-06-06 13:23:59.010] [info] Storage: read data file = c:\Users\bakel\Desktop\New_GRFMuscleModel\data/Ulrich_Young_Walkers/Subject4\StaticOpt/walking_FBcolor2_finalNoFB1\results_JointReaction_JointRxn_ReactionLoads.sto (nr=3036 nc=127)
[2026-06-06 13:23:59.212] [info] Storage: read data file = c:\Users\bakel\Desktop\New_GRFMuscleModel\data/Ulrich_Young_Walkers/Subject4\ExpmtlData/GRF/walking_FBcolor2_finalFB1_forces.mot (nr=120440 nc=19)
[2026-06-06 13:23:59.284] [info] Storage: read data file = c:\Users\bakel\Desktop\New_GRFMuscleModel\data/Ulrich_Young_Walkers/Subject4\StaticOpt/walking_FBcolor2_finalFB1\results_forces.sto (nr=3011 nc=118)
[2026-06-06 13:23:59.432] [info] Storage: read data file = c:\Users\bakel\Desktop\New_GRFMuscleModel\data/Ulrich_Young_Walkers/Subject4\StaticOpt/walking_FBcolor2_finalFB1\results_JointReaction_JointRxn_ReactionLoads.sto (nr=3011 nc=127)
[2026-06-06 13:23:59.627] [info] Storage: read data file = c:\Users\bakel\Desktop\New_GRFMuscleModel\data/Ulrich_Young_Walkers/Subject4\ExpmtlData/GRF/walking_retention1_forces.mot (nr=726840 nc=19)
[2026-06-06 13:24:00.024] [info] Storage: read data file = c:\Users\bakel\Desktop\New_GRFMuscleModel\data/Ulrich_Young_Walkers/Subject4\StaticOpt/walking_retention1\results_forces.sto (nr=18171 nc=118)
[2026-06-06 13:24:00.908] [info] Storage: read data file = c:\Users\bakel\Desktop\New_GRFMuscleModel\data/Ulrich_Young_Walkers/Subject4\StaticOpt/walking_retention1\results_JointReaction_JointRxn_ReactionLoads.sto (nr=18171 nc=127)
[2026-06-06 13:24:02.062] [info] Storage: read data file = c:\Users\bakel\Desktop\New_GRFMuscleModel\data/Ulrich_Young_Walkers/Subject5\ExpmtlData/GRF/walking_baseline1_forces.mot (nr=194200 nc=19)
[2026-06-06 13:24:02.177] [info] Storage: read data file = c:\Users\bakel\Desktop\New_GRFMuscleModel\data/Ulrich_Young_Walkers/Subject5\StaticOpt/walking_baseline1\results_forces.sto (nr=4855 nc=118)
[2026-06-06 13:24:02.416] [info] Storage: read data file = c:\Users\bakel\Desktop\New_GRFMuscleModel\data/Ulrich_Young_Walkers/Subject5\StaticOpt/walking_baseline1\results_JointReaction_JointRxn_ReactionLoads.sto (nr=4855 nc=127)
[2026-06-06 13:24:02.733] [info] Storage: read data file = c:\Users\bakel\Desktop\New_GRFMuscleModel\data/Ulrich_Young_Walkers/Subject5\ExpmtlData/GRF/walking_FBexp1_finalNoFB1_forces.mot (nr=120160 nc=19)
[2026-06-06 13:24:02.803] [info] Storage: read data file = c:\Users\bakel\Desktop\New_GRFMuscleModel\data/Ulrich_Young_Walkers/Subject5\StaticOpt/walking_FBexp1_finalNoFB1\results_forces.sto (nr=3004 nc=118)
[2026-06-06 13:24:02.955] [info] Storage: read data file = c:\Users\bakel\Desktop\New_GRFMuscleModel\data/Ulrich_Young_Walkers/Subject5\StaticOpt/walking_FBexp1_finalNoFB1\results_JointReaction_JointRxn_ReactionLoads.sto (nr=3004 nc=127)
[2026-06-06 13:24:03.149] [info] Storage: read data file = c:\Users\bakel\Desktop\New_GRFMuscleModel\data/Ulrich_Young_Walkers/Subject5\ExpmtlData/GRF/walking_FBexp1_finalFB1_forces.mot (nr=120160 nc=19)
[2026-06-06 13:24:03.226] [info] Storage: read data file = c:\Users\bakel\Desktop\New_GRFMuscleModel\data/Ulrich_Young_Walkers/Subject5\StaticOpt/walking_FBexp1_finalFB1\results_forces.sto (nr=3004 nc=118)
[2026-06-06 13:24:03.374] [info] Storage: read data file = c:\Users\bakel\Desktop\New_GRFMuscleModel\data/Ulrich_Young_Walkers/Subject5\StaticOpt/walking_FBexp1_finalFB1\results_JointReaction_JointRxn_ReactionLoads.sto (nr=3004 nc=127)
[2026-06-06 13:24:03.574] [info] Storage: read data file = c:\Users\bakel\Desktop\New_GRFMuscleModel\data/Ulrich_Young_Walkers/Subject5\ExpmtlData/GRF/walking_FBcolor1_finalNoFB1_forces.mot (nr=119640 nc=19)
[2026-06-06 13:24:03.646] [info] Storage: read data file = c:\Users\bakel\Desktop\New_GRFMuscleModel\data/Ulrich_Young_Walkers/Subject5\StaticOpt/walking_FBcolor1_finalNoFB1\results_forces.sto (nr=2991 nc=118)
[2026-06-06 13:24:03.794] [info] Storage: read data file = c:\Users\bakel\Desktop\New_GRFMuscleModel\data/Ulrich_Young_Walkers/Subject5\StaticOpt/walking_FBcolor1_finalNoFB1\results_JointReaction_JointRxn_ReactionLoads.sto (nr=2991 nc=127)
[2026-06-06 13:24:03.987] [info] Storage: read data file = c:\Users\bakel\Desktop\New_GRFMuscleModel\data/Ulrich_Young_Walkers/Subject5\ExpmtlData/GRF/walking_FBcolor1_finalFB1_forces.mot (nr=120200 nc=19)
[2026-06-06 13:24:04.057] [info] Storage: read data file = c:\Users\bakel\Desktop\New_GRFMuscleModel\data/Ulrich_Young_Walkers/Subject5\StaticOpt/walking_FBcolor1_finalFB1\results_forces.sto (nr=3005 nc=118)
[2026-06-06 13:24:04.203] [info] Storage: read data file = c:\Users\bakel\Desktop\New_GRFMuscleModel\data/Ulrich_Young_Walkers/Subject5\StaticOpt/walking_FBcolor1_finalFB1\results_JointReaction_JointRxn_ReactionLoads.sto (nr=3005 nc=127)
[2026-06-06 13:24:04.404] [info] Storage: read data file = c:\Users\bakel\Desktop\New_GRFMuscleModel\data/Ulrich_Young_Walkers/Subject5\ExpmtlData/GRF/walking_FBcolor2_finalNoFB1_forces.mot (nr=119920 nc=19)
[2026-06-06 13:24:04.678] [info] Storage: read data file = c:\Users\bakel\Desktop\New_GRFMuscleModel\data/Ulrich_Young_Walkers/Subject5\StaticOpt/walking_FBcolor2_finalNoFB1\results_forces.sto (nr=2998 nc=118)
[2026-06-06 13:24:04.824] [info] Storage: read data file = c:\Users\bakel\Desktop\New_GRFMuscleModel\data/Ulrich_Young_Walkers/Subject5\StaticOpt/walking_FBcolor2_finalNoFB1\results_JointReaction_JointRxn_ReactionLoads.sto (nr=2998 nc=127)
[2026-06-06 13:24:05.019] [info] Storage: read data file = c:\Users\bakel\Desktop\New_GRFMuscleModel\data/Ulrich_Young_Walkers/Subject5\ExpmtlData/GRF/walking_FBcolor2_finalFB1_forces.mot (nr=120360 nc=19)
[2026-06-06 13:24:05.088] [info] Storage: read data file = c:\Users\bakel\Desktop\New_GRFMuscleModel\data/Ulrich_Young_Walkers/Subject5\StaticOpt/walking_FBcolor2_finalFB1\results_forces.sto (nr=3009 nc=118)
[2026-06-06 13:24:05.237] [info] Storage: read data file = c:\Users\bakel\Desktop\New_GRFMuscleModel\data/Ulrich_Young_Walkers/Subject5\StaticOpt/walking_FBcolor2_finalFB1\results_JointReaction_JointRxn_ReactionLoads.sto (nr=3009 nc=127)
[2026-06-06 13:24:05.435] [info] Storage: read data file = c:\Users\bakel\Desktop\New_GRFMuscleModel\data/Ulrich_Young_Walkers/Subject5\ExpmtlData/GRF/walking_retention1_forces.mot (nr=727040 nc=19)
[2026-06-06 13:24:05.822] [info] Storage: read data file = c:\Users\bakel\Desktop\New_GRFMuscleModel\data/Ulrich_Young_Walkers/Subject5\StaticOpt/walking_retention1\results_forces.sto (nr=18176 nc=118)
[2026-06-06 13:24:06.686] [info] Storage: read data file = c:\Users\bakel\Desktop\New_GRFMuscleModel\data/Ulrich_Young_Walkers/Subject5\StaticOpt/walking_retention1\results_JointReaction_JointRxn_ReactionLoads.sto (nr=18176 nc=127)
[2026-06-06 13:24:07.862] [info] Storage: read data file = c:\Users\bakel\Desktop\New_GRFMuscleModel\data/Ulrich_Young_Walkers/Subject6\ExpmtlData/GRF/walking_baseline1_forces.mot (nr=249760 nc=19)
[2026-06-06 13:24:08.006] [info] Storage: read data file = c:\Users\bakel\Desktop\New_GRFMuscleModel\data/Ulrich_Young_Walkers/Subject6\StaticOpt/walking_baseline1\results_forces.sto (nr=6244 nc=118)
[2026-06-06 13:24:08.314] [info] Storage: read data file = c:\Users\bakel\Desktop\New_GRFMuscleModel\data/Ulrich_Young_Walkers/Subject6\StaticOpt/walking_baseline1\results_JointReaction_JointRxn_ReactionLoads.sto (nr=6244 nc=127)
[2026-06-06 13:24:08.716] [info] Storage: read data file = c:\Users\bakel\Desktop\New_GRFMuscleModel\data/Ulrich_Young_Walkers/Subject6\ExpmtlData/GRF/walking_FBexp1_finalNoFB1_forces.mot (nr=119920 nc=19)
[2026-06-06 13:24:08.785] [info] Storage: read data file = c:\Users\bakel\Desktop\New_GRFMuscleModel\data/Ulrich_Young_Walkers/Subject6\StaticOpt/walking_FBexp1_finalNoFB1\results_forces.sto (nr=2998 nc=118)
[2026-06-06 13:24:08.933] [info] Storage: read data file = c:\Users\bakel\Desktop\New_GRFMuscleModel\data/Ulrich_Young_Walkers/Subject6\StaticOpt/walking_FBexp1_finalNoFB1\results_JointReaction_JointRxn_ReactionLoads.sto (nr=2998 nc=127)
[2026-06-06 13:24:09.126] [info] Storage: read data file = c:\Users\bakel\Desktop\New_GRFMuscleModel\data/Ulrich_Young_Walkers/Subject6\ExpmtlData/GRF/walking_FBexp1_finalFB1_forces.mot (nr=119960 nc=19)
[2026-06-06 13:24:09.195] [info] Storage: read data file = c:\Users\bakel\Desktop\New_GRFMuscleModel\data/Ulrich_Young_Walkers/Subject6\StaticOpt/walking_FBexp1_finalFB1\results_forces.sto (nr=2999 nc=118)
[2026-06-06 13:24:09.349] [info] Storage: read data file = c:\Users\bakel\Desktop\New_GRFMuscleModel\data/Ulrich_Young_Walkers/Subject6\StaticOpt/walking_FBexp1_finalFB1\results_JointReaction_JointRxn_ReactionLoads.sto (nr=2999 nc=127)
[2026-06-06 13:24:09.541] [info] Storage: read data file = c:\Users\bakel\Desktop\New_GRFMuscleModel\data/Ulrich_Young_Walkers/Subject6\ExpmtlData/GRF/walking_FBcolor1_finalNoFB1_forces.mot (nr=120200 nc=19)
[2026-06-06 13:24:09.610] [info] Storage: read data file = c:\Users\bakel\Desktop\New_GRFMuscleModel\data/Ulrich_Young_Walkers/Subject6\StaticOpt/walking_FBcolor1_finalNoFB1\results_forces.sto (nr=3005 nc=118)
[2026-06-06 13:24:09.765] [info] Storage: read data file = c:\Users\bakel\Desktop\New_GRFMuscleModel\data/Ulrich_Young_Walkers/Subject6\StaticOpt/walking_FBcolor1_finalNoFB1\results_JointReaction_JointRxn_ReactionLoads.sto (nr=3005 nc=127)
[2026-06-06 13:24:09.966] [info] Storage: read data file = c:\Users\bakel\Desktop\New_GRFMuscleModel\data/Ulrich_Young_Walkers/Subject6\ExpmtlData/GRF/walking_FBcolor1_finalFB1_forces.mot (nr=119720 nc=19)
[2026-06-06 13:24:10.036] [info] Storage: read data file = c:\Users\bakel\Desktop\New_GRFMuscleModel\data/Ulrich_Young_Walkers/Subject6\StaticOpt/walking_FBcolor1_finalFB1\results_forces.sto (nr=2993 nc=118)
[2026-06-06 13:24:10.184] [info] Storage: read data file = c:\Users\bakel\Desktop\New_GRFMuscleModel\data/Ulrich_Young_Walkers/Subject6\StaticOpt/walking_FBcolor1_finalFB1\results_JointReaction_JointRxn_ReactionLoads.sto (nr=2993 nc=127)
[2026-06-06 13:24:10.383] [info] Storage: read data file = c:\Users\bakel\Desktop\New_GRFMuscleModel\data/Ulrich_Young_Walkers/Subject6\ExpmtlData/GRF/walking_FBcolor2_finalNoFB1_forces.mot (nr=119920 nc=19)
[2026-06-06 13:24:10.456] [info] Storage: read data file = c:\Users\bakel\Desktop\New_GRFMuscleModel\data/Ulrich_Young_Walkers/Subject6\StaticOpt/walking_FBcolor2_finalNoFB1\results_forces.sto (nr=2998 nc=118)
[2026-06-06 13:24:10.599] [info] Storage: read data file = c:\Users\bakel\Desktop\New_GRFMuscleModel\data/Ulrich_Young_Walkers/Subject6\StaticOpt/walking_FBcolor2_finalNoFB1\results_JointReaction_JointRxn_ReactionLoads.sto (nr=2998 nc=127)
[2026-06-06 13:24:10.795] [info] Storage: read data file = c:\Users\bakel\Desktop\New_GRFMuscleModel\data/Ulrich_Young_Walkers/Subject6\ExpmtlData/GRF/walking_FBcolor2_finalFB1_forces.mot (nr=129800 nc=19)
[2026-06-06 13:24:10.870] [info] Storage: read data file = c:\Users\bakel\Desktop\New_GRFMuscleModel\data/Ulrich_Young_Walkers/Subject6\StaticOpt/walking_FBcolor2_finalFB1\results_forces.sto (nr=3245 nc=118)
[2026-06-06 13:24:11.026] [info] Storage: read data file = c:\Users\bakel\Desktop\New_GRFMuscleModel\data/Ulrich_Young_Walkers/Subject6\StaticOpt/walking_FBcolor2_finalFB1\results_JointReaction_JointRxn_ReactionLoads.sto (nr=3245 nc=127)
[2026-06-06 13:24:11.235] [info] Storage: read data file = c:\Users\bakel\Desktop\New_GRFMuscleModel\data/Ulrich_Young_Walkers/Subject6\ExpmtlData/GRF/walking_retention1_forces.mot (nr=798080 nc=19)
[2026-06-06 13:24:11.656] [info] Storage: read data file = c:\Users\bakel\Desktop\New_GRFMuscleModel\data/Ulrich_Young_Walkers/Subject6\StaticOpt/walking_retention1\results_forces.sto (nr=19952 nc=118)
[2026-06-06 13:24:12.620] [info] Storage: read data file = c:\Users\bakel\Desktop\New_GRFMuscleModel\data/Ulrich_Young_Walkers/Subject6\StaticOpt/walking_retention1\results_JointReaction_JointRxn_ReactionLoads.sto (nr=19952 nc=127)
[2026-06-06 13:24:13.890] [info] Storage: read data file = c:\Users\bakel\Desktop\New_GRFMuscleModel\data/Ulrich_Young_Walkers/Subject7\ExpmtlData/GRF/walking_baseline1_forces.mot (nr=195000 nc=19)
[2026-06-06 13:24:14.000] [info] Storage: read data file = c:\Users\bakel\Desktop\New_GRFMuscleModel\data/Ulrich_Young_Walkers/Subject7\StaticOpt/walking_baseline1\results_forces.sto (nr=4875 nc=118)
[2026-06-06 13:24:14.235] [info] Storage: read data file = c:\Users\bakel\Desktop\New_GRFMuscleModel\data/Ulrich_Young_Walkers/Subject7\StaticOpt/walking_baseline1\results_JointReaction_JointRxn_ReactionLoads.sto (nr=4875 nc=127)
[2026-06-06 13:24:14.573] [info] Storage: read data file = c:\Users\bakel\Desktop\New_GRFMuscleModel\data/Ulrich_Young_Walkers/Subject7\ExpmtlData/GRF/walking_FBexp1_finalNoFB1_forces.mot (nr=120160 nc=19)
[2026-06-06 13:24:14.643] [info] Storage: read data file = c:\Users\bakel\Desktop\New_GRFMuscleModel\data/Ulrich_Young_Walkers/Subject7\StaticOpt/walking_FBexp1_finalNoFB1\results_forces.sto (nr=3004 nc=118)
[2026-06-06 13:24:14.793] [info] Storage: read data file = c:\Users\bakel\Desktop\New_GRFMuscleModel\data/Ulrich_Young_Walkers/Subject7\StaticOpt/walking_FBexp1_finalNoFB1\results_JointReaction_JointRxn_ReactionLoads.sto (nr=3004 nc=127)
[2026-06-06 13:24:14.996] [info] Storage: read data file = c:\Users\bakel\Desktop\New_GRFMuscleModel\data/Ulrich_Young_Walkers/Subject7\ExpmtlData/GRF/walking_FBexp1_finalFB1_forces.mot (nr=120040 nc=19)
[2026-06-06 13:24:15.068] [info] Storage: read data file = c:\Users\bakel\Desktop\New_GRFMuscleModel\data/Ulrich_Young_Walkers/Subject7\StaticOpt/walking_FBexp1_finalFB1\results_forces.sto (nr=3001 nc=118)
[2026-06-06 13:24:15.225] [info] Storage: read data file = c:\Users\bakel\Desktop\New_GRFMuscleModel\data/Ulrich_Young_Walkers/Subject7\StaticOpt/walking_FBexp1_finalFB1\results_JointReaction_JointRxn_ReactionLoads.sto (nr=3001 nc=127)
[2026-06-06 13:24:15.427] [info] Storage: read data file = c:\Users\bakel\Desktop\New_GRFMuscleModel\data/Ulrich_Young_Walkers/Subject7\ExpmtlData/GRF/walking_FBcolor1_finalNoFB1_forces.mot (nr=120280 nc=19)
[2026-06-06 13:24:15.497] [info] Storage: read data file = c:\Users\bakel\Desktop\New_GRFMuscleModel\data/Ulrich_Young_Walkers/Subject7\StaticOpt/walking_FBcolor1_finalNoFB1\results_forces.sto (nr=3007 nc=118)
[2026-06-06 13:24:15.646] [info] Storage: read data file = c:\Users\bakel\Desktop\New_GRFMuscleModel\data/Ulrich_Young_Walkers/Subject7\StaticOpt/walking_FBcolor1_finalNoFB1\results_JointReaction_JointRxn_ReactionLoads.sto (nr=3007 nc=127)
[2026-06-06 13:24:15.845] [info] Storage: read data file = c:\Users\bakel\Desktop\New_GRFMuscleModel\data/Ulrich_Young_Walkers/Subject7\ExpmtlData/GRF/walking_FBcolor1_finalFB1_forces.mot (nr=119880 nc=19)
[2026-06-06 13:24:15.918] [info] Storage: read data file = c:\Users\bakel\Desktop\New_GRFMuscleModel\data/Ulrich_Young_Walkers/Subject7\StaticOpt/walking_FBcolor1_finalFB1\results_forces.sto (nr=2997 nc=118)
[2026-06-06 13:24:16.063] [info] Storage: read data file = c:\Users\bakel\Desktop\New_GRFMuscleModel\data/Ulrich_Young_Walkers/Subject7\StaticOpt/walking_FBcolor1_finalFB1\results_JointReaction_JointRxn_ReactionLoads.sto (nr=2997 nc=127)
[2026-06-06 13:24:16.268] [info] Storage: read data file = c:\Users\bakel\Desktop\New_GRFMuscleModel\data/Ulrich_Young_Walkers/Subject7\ExpmtlData/GRF/walking_FBcolor2_finalNoFB1_forces.mot (nr=120160 nc=19)
[2026-06-06 13:24:16.340] [info] Storage: read data file = c:\Users\bakel\Desktop\New_GRFMuscleModel\data/Ulrich_Young_Walkers/Subject7\StaticOpt/walking_FBcolor2_finalNoFB1\results_forces.sto (nr=3004 nc=118)
[2026-06-06 13:24:16.488] [info] Storage: read data file = c:\Users\bakel\Desktop\New_GRFMuscleModel\data/Ulrich_Young_Walkers/Subject7\StaticOpt/walking_FBcolor2_finalNoFB1\results_JointReaction_JointRxn_ReactionLoads.sto (nr=3004 nc=127)
[2026-06-06 13:24:16.689] [info] Storage: read data file = c:\Users\bakel\Desktop\New_GRFMuscleModel\data/Ulrich_Young_Walkers/Subject7\ExpmtlData/GRF/walking_FBcolor2_finalFB1_forces.mot (nr=137880 nc=19)
[2026-06-06 13:24:16.767] [info] Storage: read data file = c:\Users\bakel\Desktop\New_GRFMuscleModel\data/Ulrich_Young_Walkers/Subject7\StaticOpt/walking_FBcolor2_finalFB1\results_forces.sto (nr=3447 nc=118)
[2026-06-06 13:24:16.940] [info] Storage: read data file = c:\Users\bakel\Desktop\New_GRFMuscleModel\data/Ulrich_Young_Walkers/Subject7\StaticOpt/walking_FBcolor2_finalFB1\results_JointReaction_JointRxn_ReactionLoads.sto (nr=3447 nc=127)
[2026-06-06 13:24:17.168] [info] Storage: read data file = c:\Users\bakel\Desktop\New_GRFMuscleModel\data/Ulrich_Young_Walkers/Subject7\ExpmtlData/GRF/walking_retention1_forces.mot (nr=751120 nc=19)
[2026-06-06 13:24:17.581] [info] Storage: read data file = c:\Users\bakel\Desktop\New_GRFMuscleModel\data/Ulrich_Young_Walkers/Subject7\StaticOpt/walking_retention1\results_forces.sto (nr=18778 nc=118)
[2026-06-06 13:24:18.505] [info] Storage: read data file = c:\Users\bakel\Desktop\New_GRFMuscleModel\data/Ulrich_Young_Walkers/Subject7\StaticOpt/walking_retention1\results_JointReaction_JointRxn_ReactionLoads.sto (nr=18778 nc=127)
[2026-06-06 13:24:19.725] [info] Storage: read data file = c:\Users\bakel\Desktop\New_GRFMuscleModel\data/Ulrich_Young_Walkers/Subject8\ExpmtlData/GRF/walking_baseline1_forces.mot (nr=200400 nc=19)
[2026-06-06 13:24:19.850] [info] Storage: read data file = c:\Users\bakel\Desktop\New_GRFMuscleModel\data/Ulrich_Young_Walkers/Subject8\StaticOpt/walking_baseline1\results_forces.sto (nr=5010 nc=118)
[2026-06-06 13:24:20.100] [info] Storage: read data file = c:\Users\bakel\Desktop\New_GRFMuscleModel\data/Ulrich_Young_Walkers/Subject8\StaticOpt/walking_baseline1\results_JointReaction_JointRxn_ReactionLoads.sto (nr=5010 nc=127)
[2026-06-06 13:24:20.447] [info] Storage: read data file = c:\Users\bakel\Desktop\New_GRFMuscleModel\data/Ulrich_Young_Walkers/Subject8\ExpmtlData/GRF/walking_FBexp1_finalNoFB1_forces.mot (nr=122400 nc=19)
[2026-06-06 13:24:20.521] [info] Storage: read data file = c:\Users\bakel\Desktop\New_GRFMuscleModel\data/Ulrich_Young_Walkers/Subject8\StaticOpt/walking_FBexp1_finalNoFB1\results_forces.sto (nr=3060 nc=118)
[2026-06-06 13:24:20.672] [info] Storage: read data file = c:\Users\bakel\Desktop\New_GRFMuscleModel\data/Ulrich_Young_Walkers/Subject8\StaticOpt/walking_FBexp1_finalNoFB1\results_JointReaction_JointRxn_ReactionLoads.sto (nr=3060 nc=127)
[2026-06-06 13:24:20.870] [info] Storage: read data file = c:\Users\bakel\Desktop\New_GRFMuscleModel\data/Ulrich_Young_Walkers/Subject8\ExpmtlData/GRF/walking_FBexp1_finalFB1_forces.mot (nr=124320 nc=19)
[2026-06-06 13:24:20.942] [info] Storage: read data file = c:\Users\bakel\Desktop\New_GRFMuscleModel\data/Ulrich_Young_Walkers/Subject8\StaticOpt/walking_FBexp1_finalFB1\results_forces.sto (nr=3108 nc=118)
[2026-06-06 13:24:21.097] [info] Storage: read data file = c:\Users\bakel\Desktop\New_GRFMuscleModel\data/Ulrich_Young_Walkers/Subject8\StaticOpt/walking_FBexp1_finalFB1\results_JointReaction_JointRxn_ReactionLoads.sto (nr=3108 nc=127)
[2026-06-06 13:24:21.309] [info] Storage: read data file = c:\Users\bakel\Desktop\New_GRFMuscleModel\data/Ulrich_Young_Walkers/Subject8\ExpmtlData/GRF/walking_FBcolor1_finalNoFB1_forces.mot (nr=121080 nc=19)
[2026-06-06 13:24:21.385] [info] Storage: read data file = c:\Users\bakel\Desktop\New_GRFMuscleModel\data/Ulrich_Young_Walkers/Subject8\StaticOpt/walking_FBcolor1_finalNoFB1\results_forces.sto (nr=3027 nc=118)
[2026-06-06 13:24:21.539] [info] Storage: read data file = c:\Users\bakel\Desktop\New_GRFMuscleModel\data/Ulrich_Young_Walkers/Subject8\StaticOpt/walking_FBcolor1_finalNoFB1\results_JointReaction_JointRxn_ReactionLoads.sto (nr=3027 nc=127)
[2026-06-06 13:24:21.761] [info] Storage: read data file = c:\Users\bakel\Desktop\New_GRFMuscleModel\data/Ulrich_Young_Walkers/Subject8\ExpmtlData/GRF/walking_FBcolor1_finalFB1_forces.mot (nr=120560 nc=19)
[2026-06-06 13:24:21.835] [info] Storage: read data file = c:\Users\bakel\Desktop\New_GRFMuscleModel\data/Ulrich_Young_Walkers/Subject8\StaticOpt/walking_FBcolor1_finalFB1\results_forces.sto (nr=3014 nc=118)
[2026-06-06 13:24:21.987] [info] Storage: read data file = c:\Users\bakel\Desktop\New_GRFMuscleModel\data/Ulrich_Young_Walkers/Subject8\StaticOpt/walking_FBcolor1_finalFB1\results_JointReaction_JointRxn_ReactionLoads.sto (nr=3014 nc=127)
[2026-06-06 13:24:22.184] [info] Storage: read data file = c:\Users\bakel\Desktop\New_GRFMuscleModel\data/Ulrich_Young_Walkers/Subject8\ExpmtlData/GRF/walking_FBcolor2_finalNoFB1_forces.mot (nr=120400 nc=19)
[2026-06-06 13:24:22.258] [info] Storage: read data file = c:\Users\bakel\Desktop\New_GRFMuscleModel\data/Ulrich_Young_Walkers/Subject8\StaticOpt/walking_FBcolor2_finalNoFB1\results_forces.sto (nr=3010 nc=118)
[2026-06-06 13:24:22.412] [info] Storage: read data file = c:\Users\bakel\Desktop\New_GRFMuscleModel\data/Ulrich_Young_Walkers/Subject8\StaticOpt/walking_FBcolor2_finalNoFB1\results_JointReaction_JointRxn_ReactionLoads.sto (nr=3010 nc=127)
[2026-06-06 13:24:22.607] [info] Storage: read data file = c:\Users\bakel\Desktop\New_GRFMuscleModel\data/Ulrich_Young_Walkers/Subject8\ExpmtlData/GRF/walking_FBcolor2_finalFB1_forces.mot (nr=120640 nc=19)
[2026-06-06 13:24:22.683] [info] Storage: read data file = c:\Users\bakel\Desktop\New_GRFMuscleModel\data/Ulrich_Young_Walkers/Subject8\StaticOpt/walking_FBcolor2_finalFB1\results_forces.sto (nr=3016 nc=118)
[2026-06-06 13:24:22.834] [info] Storage: read data file = c:\Users\bakel\Desktop\New_GRFMuscleModel\data/Ulrich_Young_Walkers/Subject8\StaticOpt/walking_FBcolor2_finalFB1\results_JointReaction_JointRxn_ReactionLoads.sto (nr=3016 nc=127)
[2026-06-06 13:24:23.028] [info] Storage: read data file = c:\Users\bakel\Desktop\New_GRFMuscleModel\data/Ulrich_Young_Walkers/Subject8\ExpmtlData/GRF/walking_retention1_forces.mot (nr=728640 nc=19)
[2026-06-06 13:24:23.430] [info] Storage: read data file = c:\Users\bakel\Desktop\New_GRFMuscleModel\data/Ulrich_Young_Walkers/Subject8\StaticOpt/walking_retention1\results_forces.sto (nr=18216 nc=118)
[2026-06-06 13:24:24.318] [info] Storage: read data file = c:\Users\bakel\Desktop\New_GRFMuscleModel\data/Ulrich_Young_Walkers/Subject8\StaticOpt/walking_retention1\results_JointReaction_JointRxn_ReactionLoads.sto (nr=18216 nc=127)
[2026-06-06 13:24:25.518] [info] Storage: read data file = c:\Users\bakel\Desktop\New_GRFMuscleModel\data/Ulrich_Young_Walkers/Subject9\ExpmtlData/GRF/walking_baseline1_forces.mot (nr=161440 nc=19)
[2026-06-06 13:24:25.614] [info] Storage: read data file = c:\Users\bakel\Desktop\New_GRFMuscleModel\data/Ulrich_Young_Walkers/Subject9\StaticOpt/walking_baseline1\results_forces.sto (nr=4036 nc=118)
[2026-06-06 13:24:25.810] [info] Storage: read data file = c:\Users\bakel\Desktop\New_GRFMuscleModel\data/Ulrich_Young_Walkers/Subject9\StaticOpt/walking_baseline1\results_JointReaction_JointRxn_ReactionLoads.sto (nr=4036 nc=127)
[2026-06-06 13:24:26.083] [info] Storage: read data file = c:\Users\bakel\Desktop\New_GRFMuscleModel\data/Ulrich_Young_Walkers/Subject9\ExpmtlData/GRF/walking_FBexp1_finalNoFB1_forces.mot (nr=139560 nc=19)
[2026-06-06 13:24:26.167] [info] Storage: read data file = c:\Users\bakel\Desktop\New_GRFMuscleModel\data/Ulrich_Young_Walkers/Subject9\StaticOpt/walking_FBexp1_finalNoFB1\results_forces.sto (nr=3489 nc=118)
[2026-06-06 13:24:26.343] [info] Storage: read data file = c:\Users\bakel\Desktop\New_GRFMuscleModel\data/Ulrich_Young_Walkers/Subject9\StaticOpt/walking_FBexp1_finalNoFB1\results_JointReaction_JointRxn_ReactionLoads.sto (nr=3489 nc=127)
[2026-06-06 13:24:26.580] [info] Storage: read data file = c:\Users\bakel\Desktop\New_GRFMuscleModel\data/Ulrich_Young_Walkers/Subject9\ExpmtlData/GRF/walking_FBexp1_finalFB1_forces.mot (nr=120440 nc=19)
[2026-06-06 13:24:26.649] [info] Storage: read data file = c:\Users\bakel\Desktop\New_GRFMuscleModel\data/Ulrich_Young_Walkers/Subject9\StaticOpt/walking_FBexp1_finalFB1\results_forces.sto (nr=3011 nc=118)
[2026-06-06 13:24:26.796] [info] Storage: read data file = c:\Users\bakel\Desktop\New_GRFMuscleModel\data/Ulrich_Young_Walkers/Subject9\StaticOpt/walking_FBexp1_finalFB1\results_JointReaction_JointRxn_ReactionLoads.sto (nr=3011 nc=127)
[2026-06-06 13:24:27.039] [info] Storage: read data file = c:\Users\bakel\Desktop\New_GRFMuscleModel\data/Ulrich_Young_Walkers/Subject9\ExpmtlData/GRF/walking_FBcolor1_finalNoFB1_forces.mot (nr=121920 nc=19)
[2026-06-06 13:24:27.114] [info] Storage: read data file = c:\Users\bakel\Desktop\New_GRFMuscleModel\data/Ulrich_Young_Walkers/Subject9\StaticOpt/walking_FBcolor1_finalNoFB1\results_forces.sto (nr=3048 nc=118)
[2026-06-06 13:24:27.267] [info] Storage: read data file = c:\Users\bakel\Desktop\New_GRFMuscleModel\data/Ulrich_Young_Walkers/Subject9\StaticOpt/walking_FBcolor1_finalNoFB1\results_JointReaction_JointRxn_ReactionLoads.sto (nr=3048 nc=127)
[2026-06-06 13:24:27.467] [info] Storage: read data file = c:\Users\bakel\Desktop\New_GRFMuscleModel\data/Ulrich_Young_Walkers/Subject9\ExpmtlData/GRF/walking_FBcolor1_finalFB1_forces.mot (nr=120800 nc=19)
[2026-06-06 13:24:27.538] [info] Storage: read data file = c:\Users\bakel\Desktop\New_GRFMuscleModel\data/Ulrich_Young_Walkers/Subject9\StaticOpt/walking_FBcolor1_finalFB1\results_forces.sto (nr=3020 nc=118)
[2026-06-06 13:24:27.685] [info] Storage: read data file = c:\Users\bakel\Desktop\New_GRFMuscleModel\data/Ulrich_Young_Walkers/Subject9\StaticOpt/walking_FBcolor1_finalFB1\results_JointReaction_JointRxn_ReactionLoads.sto (nr=3020 nc=127)
[2026-06-06 13:24:27.891] [info] Storage: read data file = c:\Users\bakel\Desktop\New_GRFMuscleModel\data/Ulrich_Young_Walkers/Subject9\ExpmtlData/GRF/walking_FBcolor2_finalNoFB1_forces.mot (nr=120680 nc=19)
[2026-06-06 13:24:27.961] [info] Storage: read data file = c:\Users\bakel\Desktop\New_GRFMuscleModel\data/Ulrich_Young_Walkers/Subject9\StaticOpt/walking_FBcolor2_finalNoFB1\results_forces.sto (nr=3017 nc=118)
[2026-06-06 13:24:28.115] [info] Storage: read data file = c:\Users\bakel\Desktop\New_GRFMuscleModel\data/Ulrich_Young_Walkers/Subject9\StaticOpt/walking_FBcolor2_finalNoFB1\results_JointReaction_JointRxn_ReactionLoads.sto (nr=3017 nc=127)
[2026-06-06 13:24:28.321] [info] Storage: read data file = c:\Users\bakel\Desktop\New_GRFMuscleModel\data/Ulrich_Young_Walkers/Subject9\ExpmtlData/GRF/walking_FBcolor2_finalFB1_forces.mot (nr=120680 nc=19)
[2026-06-06 13:24:28.401] [info] Storage: read data file = c:\Users\bakel\Desktop\New_GRFMuscleModel\data/Ulrich_Young_Walkers/Subject9\StaticOpt/walking_FBcolor2_finalFB1\results_forces.sto (nr=3017 nc=118)
[2026-06-06 13:24:28.549] [info] Storage: read data file = c:\Users\bakel\Desktop\New_GRFMuscleModel\data/Ulrich_Young_Walkers/Subject9\StaticOpt/walking_FBcolor2_finalFB1\results_JointReaction_JointRxn_ReactionLoads.sto (nr=3017 nc=127)
[2026-06-06 13:24:28.763] [info] Storage: read data file = c:\Users\bakel\Desktop\New_GRFMuscleModel\data/Ulrich_Young_Walkers/Subject9\ExpmtlData/GRF/walking_retention1_forces.mot (nr=743760 nc=19)
[2026-06-06 13:24:29.166] [info] Storage: read data file = c:\Users\bakel\Desktop\New_GRFMuscleModel\data/Ulrich_Young_Walkers/Subject9\StaticOpt/walking_retention1\results_forces.sto (nr=18594 nc=118)
[2026-06-06 13:24:30.078] [info] Storage: read data file = c:\Users\bakel\Desktop\New_GRFMuscleModel\data/Ulrich_Young_Walkers/Subject9\StaticOpt/walking_retention1\results_JointReaction_JointRxn_ReactionLoads.sto (nr=18594 nc=127)
[2026-06-06 13:24:31.275] [info] Storage: read data file = c:\Users\bakel\Desktop\New_GRFMuscleModel\data/Ulrich_Young_Walkers/Subject10\ExpmtlData/GRF/walking_baseline1_forces.mot (nr=143480 nc=19)
[2026-06-06 13:24:31.364] [info] Storage: read data file = c:\Users\bakel\Desktop\New_GRFMuscleModel\data/Ulrich_Young_Walkers/Subject10\StaticOpt/walking_baseline1\results_forces.sto (nr=3587 nc=118)
[2026-06-06 13:24:31.550] [info] Storage: read data file = c:\Users\bakel\Desktop\New_GRFMuscleModel\data/Ulrich_Young_Walkers/Subject10\StaticOpt/walking_baseline1\results_JointReaction_JointRxn_ReactionLoads.sto (nr=3587 nc=127)
[2026-06-06 13:24:31.800] [info] Storage: read data file = c:\Users\bakel\Desktop\New_GRFMuscleModel\data/Ulrich_Young_Walkers/Subject10\ExpmtlData/GRF/walking_FBexp1_finalNoFB1_forces.mot (nr=120640 nc=19)
[2026-06-06 13:24:31.872] [info] Storage: read data file = c:\Users\bakel\Desktop\New_GRFMuscleModel\data/Ulrich_Young_Walkers/Subject10\StaticOpt/walking_FBexp1_finalNoFB1\results_forces.sto (nr=3016 nc=118)
[2026-06-06 13:24:32.029] [info] Storage: read data file = c:\Users\bakel\Desktop\New_GRFMuscleModel\data/Ulrich_Young_Walkers/Subject10\StaticOpt/walking_FBexp1_finalNoFB1\results_JointReaction_JointRxn_ReactionLoads.sto (nr=3016 nc=127)
[2026-06-06 13:24:32.239] [info] Storage: read data file = c:\Users\bakel\Desktop\New_GRFMuscleModel\data/Ulrich_Young_Walkers/Subject10\ExpmtlData/GRF/walking_FBexp1_finalFB1_forces.mot (nr=120640 nc=19)
[2026-06-06 13:24:32.318] [info] Storage: read data file = c:\Users\bakel\Desktop\New_GRFMuscleModel\data/Ulrich_Young_Walkers/Subject10\StaticOpt/walking_FBexp1_finalFB1\results_forces.sto (nr=3016 nc=118)
[2026-06-06 13:24:32.478] [info] Storage: read data file = c:\Users\bakel\Desktop\New_GRFMuscleModel\data/Ulrich_Young_Walkers/Subject10\StaticOpt/walking_FBexp1_finalFB1\results_JointReaction_JointRxn_ReactionLoads.sto (nr=3016 nc=127)
[2026-06-06 13:24:32.677] [info] Storage: read data file = c:\Users\bakel\Desktop\New_GRFMuscleModel\data/Ulrich_Young_Walkers/Subject10\ExpmtlData/GRF/walking_FBcolor1_finalNoFB1_forces.mot (nr=120880 nc=19)
[2026-06-06 13:24:32.750] [info] Storage: read data file = c:\Users\bakel\Desktop\New_GRFMuscleModel\data/Ulrich_Young_Walkers/Subject10\StaticOpt/walking_FBcolor1_finalNoFB1\results_forces.sto (nr=3022 nc=118)
[2026-06-06 13:24:32.905] [info] Storage: read data file = c:\Users\bakel\Desktop\New_GRFMuscleModel\data/Ulrich_Young_Walkers/Subject10\StaticOpt/walking_FBcolor1_finalNoFB1\results_JointReaction_JointRxn_ReactionLoads.sto (nr=3022 nc=127)
[2026-06-06 13:24:33.109] [info] Storage: read data file = c:\Users\bakel\Desktop\New_GRFMuscleModel\data/Ulrich_Young_Walkers/Subject10\ExpmtlData/GRF/walking_FBcolor1_finalFB1_forces.mot (nr=120360 nc=19)
[2026-06-06 13:24:33.186] [info] Storage: read data file = c:\Users\bakel\Desktop\New_GRFMuscleModel\data/Ulrich_Young_Walkers/Subject10\StaticOpt/walking_FBcolor1_finalFB1\results_forces.sto (nr=3009 nc=118)
[2026-06-06 13:24:33.337] [info] Storage: read data file = c:\Users\bakel\Desktop\New_GRFMuscleModel\data/Ulrich_Young_Walkers/Subject10\StaticOpt/walking_FBcolor1_finalFB1\results_JointReaction_JointRxn_ReactionLoads.sto (nr=3009 nc=127)
[2026-06-06 13:24:33.548] [info] Storage: read data file = c:\Users\bakel\Desktop\New_GRFMuscleModel\data/Ulrich_Young_Walkers/Subject10\ExpmtlData/GRF/walking_FBcolor2_finalNoFB1_forces.mot (nr=120800 nc=19)
[2026-06-06 13:24:33.620] [info] Storage: read data file = c:\Users\bakel\Desktop\New_GRFMuscleModel\data/Ulrich_Young_Walkers/Subject10\StaticOpt/walking_FBcolor2_finalNoFB1\results_forces.sto (nr=3020 nc=118)
[2026-06-06 13:24:33.767] [info] Storage: read data file = c:\Users\bakel\Desktop\New_GRFMuscleModel\data/Ulrich_Young_Walkers/Subject10\StaticOpt/walking_FBcolor2_finalNoFB1\results_JointReaction_JointRxn_ReactionLoads.sto (nr=3020 nc=127)
[2026-06-06 13:24:33.973] [info] Storage: read data file = c:\Users\bakel\Desktop\New_GRFMuscleModel\data/Ulrich_Young_Walkers/Subject10\ExpmtlData/GRF/walking_FBcolor2_finalFB1_forces.mot (nr=119880 nc=19)
[2026-06-06 13:24:34.043] [info] Storage: read data file = c:\Users\bakel\Desktop\New_GRFMuscleModel\data/Ulrich_Young_Walkers/Subject10\StaticOpt/walking_FBcolor2_finalFB1\results_forces.sto (nr=2997 nc=118)
[2026-06-06 13:24:34.196] [info] Storage: read data file = c:\Users\bakel\Desktop\New_GRFMuscleModel\data/Ulrich_Young_Walkers/Subject10\StaticOpt/walking_FBcolor2_finalFB1\results_JointReaction_JointRxn_ReactionLoads.sto (nr=2997 nc=127)
[2026-06-06 13:24:34.393] [info] Storage: read data file = c:\Users\bakel\Desktop\New_GRFMuscleModel\data/Ulrich_Young_Walkers/Subject10\ExpmtlData/GRF/walking_retention1_forces.mot (nr=739160 nc=19)
[2026-06-06 13:24:34.791] [info] Storage: read data file = c:\Users\bakel\Desktop\New_GRFMuscleModel\data/Ulrich_Young_Walkers/Subject10\StaticOpt/walking_retention1\results_forces.sto (nr=18479 nc=118)
[2026-06-06 13:24:35.678] [info] Storage: read data file = c:\Users\bakel\Desktop\New_GRFMuscleModel\data/Ulrich_Young_Walkers/Subject10\StaticOpt/walking_retention1\results_JointReaction_JointRxn_ReactionLoads.sto (nr=18479 nc=127)
[2026-06-06 13:52:32.709] [info] Storage: read data file = c:\Users\bakel\Desktop\New_GRFMuscleModel\data/Ulrich_Young_Walkers/Subject1\ExpmtlData/GRF/walking_baseline1_forces.mot (nr=121120 nc=19)
[2026-06-06 13:52:32.774] [info] Storage: read data file = c:\Users\bakel\Desktop\New_GRFMuscleModel\data/Ulrich_Young_Walkers/Subject1\StaticOpt/walking_baseline1\results_forces.sto (nr=3028 nc=118)
[2026-06-06 13:52:32.918] [info] Storage: read data file = c:\Users\bakel\Desktop\New_GRFMuscleModel\data/Ulrich_Young_Walkers/Subject1\StaticOpt/walking_baseline1\results_JointReaction_JointRxn_ReactionLoads.sto (nr=3028 nc=127)
[2026-06-06 13:52:33.118] [info] Storage: read data file = c:\Users\bakel\Desktop\New_GRFMuscleModel\data/Ulrich_Young_Walkers/Subject1\ExpmtlData/GRF/walking_FBexp1_finalNoFB1_forces.mot (nr=122200 nc=19)
[2026-06-06 13:52:33.183] [info] Storage: read data file = c:\Users\bakel\Desktop\New_GRFMuscleModel\data/Ulrich_Young_Walkers/Subject1\StaticOpt/walking_FBexp1_finalNoFB1\results_forces.sto (nr=3055 nc=118)
[2026-06-06 13:52:33.327] [info] Storage: read data file = c:\Users\bakel\Desktop\New_GRFMuscleModel\data/Ulrich_Young_Walkers/Subject1\StaticOpt/walking_FBexp1_finalNoFB1\results_JointReaction_JointRxn_ReactionLoads.sto (nr=3055 nc=127)
[2026-06-06 13:52:33.524] [info] Storage: read data file = c:\Users\bakel\Desktop\New_GRFMuscleModel\data/Ulrich_Young_Walkers/Subject1\ExpmtlData/GRF/walking_FBexp1_finalFB1_forces.mot (nr=121160 nc=19)
[2026-06-06 13:52:33.588] [info] Storage: read data file = c:\Users\bakel\Desktop\New_GRFMuscleModel\data/Ulrich_Young_Walkers/Subject1\StaticOpt/walking_FBexp1_finalFB1\results_forces.sto (nr=3029 nc=118)
[2026-06-06 13:52:33.740] [info] Storage: read data file = c:\Users\bakel\Desktop\New_GRFMuscleModel\data/Ulrich_Young_Walkers/Subject1\StaticOpt/walking_FBexp1_finalFB1\results_JointReaction_JointRxn_ReactionLoads.sto (nr=3029 nc=127)
[2026-06-06 13:52:33.935] [info] Storage: read data file = c:\Users\bakel\Desktop\New_GRFMuscleModel\data/Ulrich_Young_Walkers/Subject1\ExpmtlData/GRF/walking_FBcolor1_finalNoFB1_forces.mot (nr=115840 nc=19)
[2026-06-06 13:52:33.997] [info] Storage: read data file = c:\Users\bakel\Desktop\New_GRFMuscleModel\data/Ulrich_Young_Walkers/Subject1\StaticOpt/walking_FBcolor1_finalNoFB1\results_forces.sto (nr=2896 nc=118)
[2026-06-06 13:52:34.136] [info] Storage: read data file = c:\Users\bakel\Desktop\New_GRFMuscleModel\data/Ulrich_Young_Walkers/Subject1\StaticOpt/walking_FBcolor1_finalNoFB1\results_JointReaction_JointRxn_ReactionLoads.sto (nr=2896 nc=127)
[2026-06-06 13:52:34.328] [info] Storage: read data file = c:\Users\bakel\Desktop\New_GRFMuscleModel\data/Ulrich_Young_Walkers/Subject1\ExpmtlData/GRF/walking_FBcolor1_finalFB1_forces.mot (nr=119280 nc=19)
[2026-06-06 13:52:34.391] [info] Storage: read data file = c:\Users\bakel\Desktop\New_GRFMuscleModel\data/Ulrich_Young_Walkers/Subject1\StaticOpt/walking_FBcolor1_finalFB1\results_forces.sto (nr=2982 nc=118)
[2026-06-06 13:52:34.531] [info] Storage: read data file = c:\Users\bakel\Desktop\New_GRFMuscleModel\data/Ulrich_Young_Walkers/Subject1\StaticOpt/walking_FBcolor1_finalFB1\results_JointReaction_JointRxn_ReactionLoads.sto (nr=2982 nc=127)
[2026-06-06 13:52:34.722] [info] Storage: read data file = c:\Users\bakel\Desktop\New_GRFMuscleModel\data/Ulrich_Young_Walkers/Subject1\ExpmtlData/GRF/walking_FBcolor2_finalNoFB1_forces.mot (nr=114680 nc=19)
[2026-06-06 13:52:34.784] [info] Storage: read data file = c:\Users\bakel\Desktop\New_GRFMuscleModel\data/Ulrich_Young_Walkers/Subject1\StaticOpt/walking_FBcolor2_finalNoFB1\results_forces.sto (nr=2867 nc=118)
[2026-06-06 13:52:34.919] [info] Storage: read data file = c:\Users\bakel\Desktop\New_GRFMuscleModel\data/Ulrich_Young_Walkers/Subject1\StaticOpt/walking_FBcolor2_finalNoFB1\results_JointReaction_JointRxn_ReactionLoads.sto (nr=2867 nc=127)
[2026-06-06 13:52:35.113] [info] Storage: read data file = c:\Users\bakel\Desktop\New_GRFMuscleModel\data/Ulrich_Young_Walkers/Subject1\ExpmtlData/GRF/walking_FBcolor2_finalFB1_forces.mot (nr=119480 nc=19)
[2026-06-06 13:52:35.184] [info] Storage: read data file = c:\Users\bakel\Desktop\New_GRFMuscleModel\data/Ulrich_Young_Walkers/Subject1\StaticOpt/walking_FBcolor2_finalFB1\results_forces.sto (nr=2987 nc=118)
[2026-06-06 13:52:35.337] [info] Storage: read data file = c:\Users\bakel\Desktop\New_GRFMuscleModel\data/Ulrich_Young_Walkers/Subject1\StaticOpt/walking_FBcolor2_finalFB1\results_JointReaction_JointRxn_ReactionLoads.sto (nr=2987 nc=127)
[2026-06-06 13:52:35.534] [info] Storage: read data file = c:\Users\bakel\Desktop\New_GRFMuscleModel\data/Ulrich_Young_Walkers/Subject1\ExpmtlData/GRF/walking_retention1_forces.mot (nr=679640 nc=19)
[2026-06-06 13:52:35.893] [info] Storage: read data file = c:\Users\bakel\Desktop\New_GRFMuscleModel\data/Ulrich_Young_Walkers/Subject1\StaticOpt/walking_retention1\results_forces.sto (nr=16991 nc=118)
[2026-06-06 13:52:36.692] [info] Storage: read data file = c:\Users\bakel\Desktop\New_GRFMuscleModel\data/Ulrich_Young_Walkers/Subject1\StaticOpt/walking_retention1\results_JointReaction_JointRxn_ReactionLoads.sto (nr=16991 nc=127)
[2026-06-06 13:52:37.811] [info] Storage: read data file = c:\Users\bakel\Desktop\New_GRFMuscleModel\data/Ulrich_Young_Walkers/Subject2\ExpmtlData/GRF/walking_baseline1_forces.mot (nr=171720 nc=19)
[2026-06-06 13:52:37.929] [info] Storage: read data file = c:\Users\bakel\Desktop\New_GRFMuscleModel\data/Ulrich_Young_Walkers/Subject2\StaticOpt/walking_baseline1\results_forces.sto (nr=4293 nc=118)
[2026-06-06 13:52:38.147] [info] Storage: read data file = c:\Users\bakel\Desktop\New_GRFMuscleModel\data/Ulrich_Young_Walkers/Subject2\StaticOpt/walking_baseline1\results_JointReaction_JointRxn_ReactionLoads.sto (nr=4293 nc=127)
[2026-06-06 13:52:38.452] [info] Storage: read data file = c:\Users\bakel\Desktop\New_GRFMuscleModel\data/Ulrich_Young_Walkers/Subject2\ExpmtlData/GRF/walking_FBexp1_finalNoFB1_forces.mot (nr=120360 nc=19)
[2026-06-06 13:52:38.524] [info] Storage: read data file = c:\Users\bakel\Desktop\New_GRFMuscleModel\data/Ulrich_Young_Walkers/Subject2\StaticOpt/walking_FBexp1_finalNoFB1\results_forces.sto (nr=3009 nc=118)
[2026-06-06 13:52:38.680] [info] Storage: read data file = c:\Users\bakel\Desktop\New_GRFMuscleModel\data/Ulrich_Young_Walkers/Subject2\StaticOpt/walking_FBexp1_finalNoFB1\results_JointReaction_JointRxn_ReactionLoads.sto (nr=3009 nc=127)
[2026-06-06 13:52:38.902] [info] Storage: read data file = c:\Users\bakel\Desktop\New_GRFMuscleModel\data/Ulrich_Young_Walkers/Subject2\ExpmtlData/GRF/walking_FBexp1_finalFB1_forces.mot (nr=119200 nc=19)
[2026-06-06 13:52:38.970] [info] Storage: read data file = c:\Users\bakel\Desktop\New_GRFMuscleModel\data/Ulrich_Young_Walkers/Subject2\StaticOpt/walking_FBexp1_finalFB1\results_forces.sto (nr=2980 nc=118)
[2026-06-06 13:52:39.113] [info] Storage: read data file = c:\Users\bakel\Desktop\New_GRFMuscleModel\data/Ulrich_Young_Walkers/Subject2\StaticOpt/walking_FBexp1_finalFB1\results_JointReaction_JointRxn_ReactionLoads.sto (nr=2980 nc=127)
[2026-06-06 13:52:39.318] [info] Storage: read data file = c:\Users\bakel\Desktop\New_GRFMuscleModel\data/Ulrich_Young_Walkers/Subject2\ExpmtlData/GRF/walking_FBcolor1_finalNoFB1_forces.mot (nr=121000 nc=19)
[2026-06-06 13:52:39.392] [info] Storage: read data file = c:\Users\bakel\Desktop\New_GRFMuscleModel\data/Ulrich_Young_Walkers/Subject2\StaticOpt/walking_FBcolor1_finalNoFB1\results_forces.sto (nr=3025 nc=118)
[2026-06-06 13:52:39.549] [info] Storage: read data file = c:\Users\bakel\Desktop\New_GRFMuscleModel\data/Ulrich_Young_Walkers/Subject2\StaticOpt/walking_FBcolor1_finalNoFB1\results_JointReaction_JointRxn_ReactionLoads.sto (nr=3025 nc=127)
[2026-06-06 13:52:39.752] [info] Storage: read data file = c:\Users\bakel\Desktop\New_GRFMuscleModel\data/Ulrich_Young_Walkers/Subject2\ExpmtlData/GRF/walking_FBcolor1_finalFB1_forces.mot (nr=119360 nc=19)
[2026-06-06 13:52:39.837] [info] Storage: read data file = c:\Users\bakel\Desktop\New_GRFMuscleModel\data/Ulrich_Young_Walkers/Subject2\StaticOpt/walking_FBcolor1_finalFB1\results_forces.sto (nr=2984 nc=118)
[2026-06-06 13:52:39.995] [info] Storage: read data file = c:\Users\bakel\Desktop\New_GRFMuscleModel\data/Ulrich_Young_Walkers/Subject2\StaticOpt/walking_FBcolor1_finalFB1\results_JointReaction_JointRxn_ReactionLoads.sto (nr=2984 nc=127)
[2026-06-06 13:52:40.199] [info] Storage: read data file = c:\Users\bakel\Desktop\New_GRFMuscleModel\data/Ulrich_Young_Walkers/Subject2\ExpmtlData/GRF/walking_FBcolor2_finalNoFB1_forces.mot (nr=122160 nc=19)
[2026-06-06 13:52:40.269] [info] Storage: read data file = c:\Users\bakel\Desktop\New_GRFMuscleModel\data/Ulrich_Young_Walkers/Subject2\StaticOpt/walking_FBcolor2_finalNoFB1\results_forces.sto (nr=3054 nc=118)
[2026-06-06 13:52:40.429] [info] Storage: read data file = c:\Users\bakel\Desktop\New_GRFMuscleModel\data/Ulrich_Young_Walkers/Subject2\StaticOpt/walking_FBcolor2_finalNoFB1\results_JointReaction_JointRxn_ReactionLoads.sto (nr=3054 nc=127)
[2026-06-06 13:52:40.637] [info] Storage: read data file = c:\Users\bakel\Desktop\New_GRFMuscleModel\data/Ulrich_Young_Walkers/Subject2\ExpmtlData/GRF/walking_FBcolor2_finalFB1_forces.mot (nr=121000 nc=19)
[2026-06-06 13:52:40.704] [info] Storage: read data file = c:\Users\bakel\Desktop\New_GRFMuscleModel\data/Ulrich_Young_Walkers/Subject2\StaticOpt/walking_FBcolor2_finalFB1\results_forces.sto (nr=3025 nc=118)
[2026-06-06 13:52:40.855] [info] Storage: read data file = c:\Users\bakel\Desktop\New_GRFMuscleModel\data/Ulrich_Young_Walkers/Subject2\StaticOpt/walking_FBcolor2_finalFB1\results_JointReaction_JointRxn_ReactionLoads.sto (nr=3025 nc=127)
[2026-06-06 13:52:41.062] [info] Storage: read data file = c:\Users\bakel\Desktop\New_GRFMuscleModel\data/Ulrich_Young_Walkers/Subject2\ExpmtlData/GRF/walking_retention1_forces.mot (nr=761800 nc=19)
[2026-06-06 13:52:41.490] [info] Storage: read data file = c:\Users\bakel\Desktop\New_GRFMuscleModel\data/Ulrich_Young_Walkers/Subject2\StaticOpt/walking_retention1\results_forces.sto (nr=19045 nc=118)
[2026-06-06 13:52:42.439] [info] Storage: read data file = c:\Users\bakel\Desktop\New_GRFMuscleModel\data/Ulrich_Young_Walkers/Subject2\StaticOpt/walking_retention1\results_JointReaction_JointRxn_ReactionLoads.sto (nr=19045 nc=127)
[2026-06-06 13:52:43.727] [info] Storage: read data file = c:\Users\bakel\Desktop\New_GRFMuscleModel\data/Ulrich_Young_Walkers/Subject3\ExpmtlData/GRF/walking_baseline1_forces.mot (nr=197280 nc=19)
[2026-06-06 13:52:43.841] [info] Storage: read data file = c:\Users\bakel\Desktop\New_GRFMuscleModel\data/Ulrich_Young_Walkers/Subject3\StaticOpt/walking_baseline1\results_forces.sto (nr=4932 nc=118)
[2026-06-06 13:52:44.096] [info] Storage: read data file = c:\Users\bakel\Desktop\New_GRFMuscleModel\data/Ulrich_Young_Walkers/Subject3\StaticOpt/walking_baseline1\results_JointReaction_JointRxn_ReactionLoads.sto (nr=4932 nc=127)
[2026-06-06 13:52:44.439] [info] Storage: read data file = c:\Users\bakel\Desktop\New_GRFMuscleModel\data/Ulrich_Young_Walkers/Subject3\ExpmtlData/GRF/walking_FBexp1_finalNoFB1_forces.mot (nr=127560 nc=19)
[2026-06-06 13:52:44.510] [info] Storage: read data file = c:\Users\bakel\Desktop\New_GRFMuscleModel\data/Ulrich_Young_Walkers/Subject3\StaticOpt/walking_FBexp1_finalNoFB1\results_forces.sto (nr=3189 nc=118)
[2026-06-06 13:52:44.665] [info] Storage: read data file = c:\Users\bakel\Desktop\New_GRFMuscleModel\data/Ulrich_Young_Walkers/Subject3\StaticOpt/walking_FBexp1_finalNoFB1\results_JointReaction_JointRxn_ReactionLoads.sto (nr=3189 nc=127)
[2026-06-06 13:52:44.888] [info] Storage: read data file = c:\Users\bakel\Desktop\New_GRFMuscleModel\data/Ulrich_Young_Walkers/Subject3\ExpmtlData/GRF/walking_FBexp1_finalFB1_forces.mot (nr=119760 nc=19)
[2026-06-06 13:52:44.961] [info] Storage: read data file = c:\Users\bakel\Desktop\New_GRFMuscleModel\data/Ulrich_Young_Walkers/Subject3\StaticOpt/walking_FBexp1_finalFB1\results_forces.sto (nr=2994 nc=118)
[2026-06-06 13:52:45.104] [info] Storage: read data file = c:\Users\bakel\Desktop\New_GRFMuscleModel\data/Ulrich_Young_Walkers/Subject3\StaticOpt/walking_FBexp1_finalFB1\results_JointReaction_JointRxn_ReactionLoads.sto (nr=2994 nc=127)
[2026-06-06 13:52:45.302] [info] Storage: read data file = c:\Users\bakel\Desktop\New_GRFMuscleModel\data/Ulrich_Young_Walkers/Subject3\ExpmtlData/GRF/walking_FBcolor1_finalNoFB1_forces.mot (nr=131960 nc=19)
[2026-06-06 13:52:45.374] [info] Storage: read data file = c:\Users\bakel\Desktop\New_GRFMuscleModel\data/Ulrich_Young_Walkers/Subject3\StaticOpt/walking_FBcolor1_finalNoFB1\results_forces.sto (nr=3299 nc=118)
[2026-06-06 13:52:45.541] [info] Storage: read data file = c:\Users\bakel\Desktop\New_GRFMuscleModel\data/Ulrich_Young_Walkers/Subject3\StaticOpt/walking_FBcolor1_finalNoFB1\results_JointReaction_JointRxn_ReactionLoads.sto (nr=3299 nc=127)
[2026-06-06 13:52:45.758] [info] Storage: read data file = c:\Users\bakel\Desktop\New_GRFMuscleModel\data/Ulrich_Young_Walkers/Subject3\ExpmtlData/GRF/walking_FBcolor1_finalFB1_forces.mot (nr=120920 nc=19)
[2026-06-06 13:52:45.827] [info] Storage: read data file = c:\Users\bakel\Desktop\New_GRFMuscleModel\data/Ulrich_Young_Walkers/Subject3\StaticOpt/walking_FBcolor1_finalFB1\results_forces.sto (nr=3023 nc=118)
[2026-06-06 13:52:45.981] [info] Storage: read data file = c:\Users\bakel\Desktop\New_GRFMuscleModel\data/Ulrich_Young_Walkers/Subject3\StaticOpt/walking_FBcolor1_finalFB1\results_JointReaction_JointRxn_ReactionLoads.sto (nr=3023 nc=127)
[2026-06-06 13:52:46.200] [info] Storage: read data file = c:\Users\bakel\Desktop\New_GRFMuscleModel\data/Ulrich_Young_Walkers/Subject3\ExpmtlData/GRF/walking_FBcolor2_finalNoFB1_forces.mot (nr=128760 nc=19)
[2026-06-06 13:52:46.311] [info] Storage: read data file = c:\Users\bakel\Desktop\New_GRFMuscleModel\data/Ulrich_Young_Walkers/Subject3\StaticOpt/walking_FBcolor2_finalNoFB1\results_forces.sto (nr=3219 nc=118)
[2026-06-06 13:52:46.470] [info] Storage: read data file = c:\Users\bakel\Desktop\New_GRFMuscleModel\data/Ulrich_Young_Walkers/Subject3\StaticOpt/walking_FBcolor2_finalNoFB1\results_JointReaction_JointRxn_ReactionLoads.sto (nr=3219 nc=127)
[2026-06-06 13:52:46.681] [info] Storage: read data file = c:\Users\bakel\Desktop\New_GRFMuscleModel\data/Ulrich_Young_Walkers/Subject3\ExpmtlData/GRF/walking_FBcolor2_finalFB1_forces.mot (nr=120400 nc=19)
[2026-06-06 13:52:46.750] [info] Storage: read data file = c:\Users\bakel\Desktop\New_GRFMuscleModel\data/Ulrich_Young_Walkers/Subject3\StaticOpt/walking_FBcolor2_finalFB1\results_forces.sto (nr=3010 nc=118)
[2026-06-06 13:52:46.921] [info] Storage: read data file = c:\Users\bakel\Desktop\New_GRFMuscleModel\data/Ulrich_Young_Walkers/Subject3\StaticOpt/walking_FBcolor2_finalFB1\results_JointReaction_JointRxn_ReactionLoads.sto (nr=3010 nc=127)
[2026-06-06 13:52:47.120] [info] Storage: read data file = c:\Users\bakel\Desktop\New_GRFMuscleModel\data/Ulrich_Young_Walkers/Subject3\ExpmtlData/GRF/walking_retention1_forces.mot (nr=752080 nc=19)
[2026-06-06 13:52:47.578] [info] Storage: read data file = c:\Users\bakel\Desktop\New_GRFMuscleModel\data/Ulrich_Young_Walkers/Subject3\StaticOpt/walking_retention1\results_forces.sto (nr=18802 nc=118)
[2026-06-06 13:52:48.554] [info] Storage: read data file = c:\Users\bakel\Desktop\New_GRFMuscleModel\data/Ulrich_Young_Walkers/Subject3\StaticOpt/walking_retention1\results_JointReaction_JointRxn_ReactionLoads.sto (nr=18802 nc=127)
[2026-06-06 13:52:49.937] [info] Storage: read data file = c:\Users\bakel\Desktop\New_GRFMuscleModel\data/Ulrich_Young_Walkers/Subject4\ExpmtlData/GRF/walking_baseline1_forces.mot (nr=190480 nc=19)
[2026-06-06 13:52:50.056] [info] Storage: read data file = c:\Users\bakel\Desktop\New_GRFMuscleModel\data/Ulrich_Young_Walkers/Subject4\StaticOpt/walking_baseline1\results_forces.sto (nr=4762 nc=118)
[2026-06-06 13:52:50.306] [info] Storage: read data file = c:\Users\bakel\Desktop\New_GRFMuscleModel\data/Ulrich_Young_Walkers/Subject4\StaticOpt/walking_baseline1\results_JointReaction_JointRxn_ReactionLoads.sto (nr=4762 nc=127)
[2026-06-06 13:52:50.645] [info] Storage: read data file = c:\Users\bakel\Desktop\New_GRFMuscleModel\data/Ulrich_Young_Walkers/Subject4\ExpmtlData/GRF/walking_FBexp1_finalNoFB1_forces.mot (nr=130200 nc=19)
[2026-06-06 13:52:50.724] [info] Storage: read data file = c:\Users\bakel\Desktop\New_GRFMuscleModel\data/Ulrich_Young_Walkers/Subject4\StaticOpt/walking_FBexp1_finalNoFB1\results_forces.sto (nr=3255 nc=118)
[2026-06-06 13:52:50.896] [info] Storage: read data file = c:\Users\bakel\Desktop\New_GRFMuscleModel\data/Ulrich_Young_Walkers/Subject4\StaticOpt/walking_FBexp1_finalNoFB1\results_JointReaction_JointRxn_ReactionLoads.sto (nr=3255 nc=127)
[2026-06-06 13:52:51.126] [info] Storage: read data file = c:\Users\bakel\Desktop\New_GRFMuscleModel\data/Ulrich_Young_Walkers/Subject4\ExpmtlData/GRF/walking_FBexp1_finalFB1_forces.mot (nr=123720 nc=19)
[2026-06-06 13:52:51.209] [info] Storage: read data file = c:\Users\bakel\Desktop\New_GRFMuscleModel\data/Ulrich_Young_Walkers/Subject4\StaticOpt/walking_FBexp1_finalFB1\results_forces.sto (nr=3093 nc=118)
[2026-06-06 13:52:51.367] [info] Storage: read data file = c:\Users\bakel\Desktop\New_GRFMuscleModel\data/Ulrich_Young_Walkers/Subject4\StaticOpt/walking_FBexp1_finalFB1\results_JointReaction_JointRxn_ReactionLoads.sto (nr=3093 nc=127)
[2026-06-06 13:52:51.609] [info] Storage: read data file = c:\Users\bakel\Desktop\New_GRFMuscleModel\data/Ulrich_Young_Walkers/Subject4\ExpmtlData/GRF/walking_FBcolor1_finalNoFB1_forces.mot (nr=124600 nc=19)
[2026-06-06 13:52:51.689] [info] Storage: read data file = c:\Users\bakel\Desktop\New_GRFMuscleModel\data/Ulrich_Young_Walkers/Subject4\StaticOpt/walking_FBcolor1_finalNoFB1\results_forces.sto (nr=3115 nc=118)
[2026-06-06 13:52:51.859] [info] Storage: read data file = c:\Users\bakel\Desktop\New_GRFMuscleModel\data/Ulrich_Young_Walkers/Subject4\StaticOpt/walking_FBcolor1_finalNoFB1\results_JointReaction_JointRxn_ReactionLoads.sto (nr=3115 nc=127)
[2026-06-06 13:52:52.061] [info] Storage: read data file = c:\Users\bakel\Desktop\New_GRFMuscleModel\data/Ulrich_Young_Walkers/Subject4\ExpmtlData/GRF/walking_FBcolor1_finalFB1_forces.mot (nr=121400 nc=19)
[2026-06-06 13:52:52.125] [info] Storage: read data file = c:\Users\bakel\Desktop\New_GRFMuscleModel\data/Ulrich_Young_Walkers/Subject4\StaticOpt/walking_FBcolor1_finalFB1\results_forces.sto (nr=3035 nc=118)
[2026-06-06 13:52:52.269] [info] Storage: read data file = c:\Users\bakel\Desktop\New_GRFMuscleModel\data/Ulrich_Young_Walkers/Subject4\StaticOpt/walking_FBcolor1_finalFB1\results_JointReaction_JointRxn_ReactionLoads.sto (nr=3035 nc=127)
[2026-06-06 13:52:52.463] [info] Storage: read data file = c:\Users\bakel\Desktop\New_GRFMuscleModel\data/Ulrich_Young_Walkers/Subject4\ExpmtlData/GRF/walking_FBcolor2_finalNoFB1_forces.mot (nr=121440 nc=19)
[2026-06-06 13:52:52.527] [info] Storage: read data file = c:\Users\bakel\Desktop\New_GRFMuscleModel\data/Ulrich_Young_Walkers/Subject4\StaticOpt/walking_FBcolor2_finalNoFB1\results_forces.sto (nr=3036 nc=118)
[2026-06-06 13:52:52.672] [info] Storage: read data file = c:\Users\bakel\Desktop\New_GRFMuscleModel\data/Ulrich_Young_Walkers/Subject4\StaticOpt/walking_FBcolor2_finalNoFB1\results_JointReaction_JointRxn_ReactionLoads.sto (nr=3036 nc=127)
[2026-06-06 13:52:52.877] [info] Storage: read data file = c:\Users\bakel\Desktop\New_GRFMuscleModel\data/Ulrich_Young_Walkers/Subject4\ExpmtlData/GRF/walking_FBcolor2_finalFB1_forces.mot (nr=120440 nc=19)
[2026-06-06 13:52:52.940] [info] Storage: read data file = c:\Users\bakel\Desktop\New_GRFMuscleModel\data/Ulrich_Young_Walkers/Subject4\StaticOpt/walking_FBcolor2_finalFB1\results_forces.sto (nr=3011 nc=118)
[2026-06-06 13:52:53.082] [info] Storage: read data file = c:\Users\bakel\Desktop\New_GRFMuscleModel\data/Ulrich_Young_Walkers/Subject4\StaticOpt/walking_FBcolor2_finalFB1\results_JointReaction_JointRxn_ReactionLoads.sto (nr=3011 nc=127)
[2026-06-06 13:52:53.287] [info] Storage: read data file = c:\Users\bakel\Desktop\New_GRFMuscleModel\data/Ulrich_Young_Walkers/Subject4\ExpmtlData/GRF/walking_retention1_forces.mot (nr=726840 nc=19)
[2026-06-06 13:52:53.666] [info] Storage: read data file = c:\Users\bakel\Desktop\New_GRFMuscleModel\data/Ulrich_Young_Walkers/Subject4\StaticOpt/walking_retention1\results_forces.sto (nr=18171 nc=118)
[2026-06-06 13:52:54.527] [info] Storage: read data file = c:\Users\bakel\Desktop\New_GRFMuscleModel\data/Ulrich_Young_Walkers/Subject4\StaticOpt/walking_retention1\results_JointReaction_JointRxn_ReactionLoads.sto (nr=18171 nc=127)
[2026-06-06 13:52:55.700] [info] Storage: read data file = c:\Users\bakel\Desktop\New_GRFMuscleModel\data/Ulrich_Young_Walkers/Subject5\ExpmtlData/GRF/walking_baseline1_forces.mot (nr=194200 nc=19)
[2026-06-06 13:52:55.805] [info] Storage: read data file = c:\Users\bakel\Desktop\New_GRFMuscleModel\data/Ulrich_Young_Walkers/Subject5\StaticOpt/walking_baseline1\results_forces.sto (nr=4855 nc=118)
[2026-06-06 13:52:56.037] [info] Storage: read data file = c:\Users\bakel\Desktop\New_GRFMuscleModel\data/Ulrich_Young_Walkers/Subject5\StaticOpt/walking_baseline1\results_JointReaction_JointRxn_ReactionLoads.sto (nr=4855 nc=127)
[2026-06-06 13:52:56.364] [info] Storage: read data file = c:\Users\bakel\Desktop\New_GRFMuscleModel\data/Ulrich_Young_Walkers/Subject5\ExpmtlData/GRF/walking_FBexp1_finalNoFB1_forces.mot (nr=120160 nc=19)
[2026-06-06 13:52:56.430] [info] Storage: read data file = c:\Users\bakel\Desktop\New_GRFMuscleModel\data/Ulrich_Young_Walkers/Subject5\StaticOpt/walking_FBexp1_finalNoFB1\results_forces.sto (nr=3004 nc=118)
[2026-06-06 13:52:56.576] [info] Storage: read data file = c:\Users\bakel\Desktop\New_GRFMuscleModel\data/Ulrich_Young_Walkers/Subject5\StaticOpt/walking_FBexp1_finalNoFB1\results_JointReaction_JointRxn_ReactionLoads.sto (nr=3004 nc=127)
[2026-06-06 13:52:56.773] [info] Storage: read data file = c:\Users\bakel\Desktop\New_GRFMuscleModel\data/Ulrich_Young_Walkers/Subject5\ExpmtlData/GRF/walking_FBexp1_finalFB1_forces.mot (nr=120160 nc=19)
[2026-06-06 13:52:56.840] [info] Storage: read data file = c:\Users\bakel\Desktop\New_GRFMuscleModel\data/Ulrich_Young_Walkers/Subject5\StaticOpt/walking_FBexp1_finalFB1\results_forces.sto (nr=3004 nc=118)
[2026-06-06 13:52:56.987] [info] Storage: read data file = c:\Users\bakel\Desktop\New_GRFMuscleModel\data/Ulrich_Young_Walkers/Subject5\StaticOpt/walking_FBexp1_finalFB1\results_JointReaction_JointRxn_ReactionLoads.sto (nr=3004 nc=127)
[2026-06-06 13:52:57.184] [info] Storage: read data file = c:\Users\bakel\Desktop\New_GRFMuscleModel\data/Ulrich_Young_Walkers/Subject5\ExpmtlData/GRF/walking_FBcolor1_finalNoFB1_forces.mot (nr=119640 nc=19)
[2026-06-06 13:52:57.257] [info] Storage: read data file = c:\Users\bakel\Desktop\New_GRFMuscleModel\data/Ulrich_Young_Walkers/Subject5\StaticOpt/walking_FBcolor1_finalNoFB1\results_forces.sto (nr=2991 nc=118)
[2026-06-06 13:52:57.405] [info] Storage: read data file = c:\Users\bakel\Desktop\New_GRFMuscleModel\data/Ulrich_Young_Walkers/Subject5\StaticOpt/walking_FBcolor1_finalNoFB1\results_JointReaction_JointRxn_ReactionLoads.sto (nr=2991 nc=127)
[2026-06-06 13:52:57.611] [info] Storage: read data file = c:\Users\bakel\Desktop\New_GRFMuscleModel\data/Ulrich_Young_Walkers/Subject5\ExpmtlData/GRF/walking_FBcolor1_finalFB1_forces.mot (nr=120200 nc=19)
[2026-06-06 13:52:57.674] [info] Storage: read data file = c:\Users\bakel\Desktop\New_GRFMuscleModel\data/Ulrich_Young_Walkers/Subject5\StaticOpt/walking_FBcolor1_finalFB1\results_forces.sto (nr=3005 nc=118)
[2026-06-06 13:52:57.824] [info] Storage: read data file = c:\Users\bakel\Desktop\New_GRFMuscleModel\data/Ulrich_Young_Walkers/Subject5\StaticOpt/walking_FBcolor1_finalFB1\results_JointReaction_JointRxn_ReactionLoads.sto (nr=3005 nc=127)
[2026-06-06 13:52:58.029] [info] Storage: read data file = c:\Users\bakel\Desktop\New_GRFMuscleModel\data/Ulrich_Young_Walkers/Subject5\ExpmtlData/GRF/walking_FBcolor2_finalNoFB1_forces.mot (nr=119920 nc=19)
[2026-06-06 13:52:58.100] [info] Storage: read data file = c:\Users\bakel\Desktop\New_GRFMuscleModel\data/Ulrich_Young_Walkers/Subject5\StaticOpt/walking_FBcolor2_finalNoFB1\results_forces.sto (nr=2998 nc=118)
[2026-06-06 13:52:58.242] [info] Storage: read data file = c:\Users\bakel\Desktop\New_GRFMuscleModel\data/Ulrich_Young_Walkers/Subject5\StaticOpt/walking_FBcolor2_finalNoFB1\results_JointReaction_JointRxn_ReactionLoads.sto (nr=2998 nc=127)
[2026-06-06 13:52:58.444] [info] Storage: read data file = c:\Users\bakel\Desktop\New_GRFMuscleModel\data/Ulrich_Young_Walkers/Subject5\ExpmtlData/GRF/walking_FBcolor2_finalFB1_forces.mot (nr=120360 nc=19)
[2026-06-06 13:52:58.511] [info] Storage: read data file = c:\Users\bakel\Desktop\New_GRFMuscleModel\data/Ulrich_Young_Walkers/Subject5\StaticOpt/walking_FBcolor2_finalFB1\results_forces.sto (nr=3009 nc=118)
[2026-06-06 13:52:58.657] [info] Storage: read data file = c:\Users\bakel\Desktop\New_GRFMuscleModel\data/Ulrich_Young_Walkers/Subject5\StaticOpt/walking_FBcolor2_finalFB1\results_JointReaction_JointRxn_ReactionLoads.sto (nr=3009 nc=127)
[2026-06-06 13:52:58.850] [info] Storage: read data file = c:\Users\bakel\Desktop\New_GRFMuscleModel\data/Ulrich_Young_Walkers/Subject5\ExpmtlData/GRF/walking_retention1_forces.mot (nr=727040 nc=19)
[2026-06-06 13:52:59.259] [info] Storage: read data file = c:\Users\bakel\Desktop\New_GRFMuscleModel\data/Ulrich_Young_Walkers/Subject5\StaticOpt/walking_retention1\results_forces.sto (nr=18176 nc=118)
[2026-06-06 13:53:00.173] [info] Storage: read data file = c:\Users\bakel\Desktop\New_GRFMuscleModel\data/Ulrich_Young_Walkers/Subject5\StaticOpt/walking_retention1\results_JointReaction_JointRxn_ReactionLoads.sto (nr=18176 nc=127)
[2026-06-06 13:53:01.381] [info] Storage: read data file = c:\Users\bakel\Desktop\New_GRFMuscleModel\data/Ulrich_Young_Walkers/Subject6\ExpmtlData/GRF/walking_baseline1_forces.mot (nr=249760 nc=19)
[2026-06-06 13:53:01.512] [info] Storage: read data file = c:\Users\bakel\Desktop\New_GRFMuscleModel\data/Ulrich_Young_Walkers/Subject6\StaticOpt/walking_baseline1\results_forces.sto (nr=6244 nc=118)
[2026-06-06 13:53:01.811] [info] Storage: read data file = c:\Users\bakel\Desktop\New_GRFMuscleModel\data/Ulrich_Young_Walkers/Subject6\StaticOpt/walking_baseline1\results_JointReaction_JointRxn_ReactionLoads.sto (nr=6244 nc=127)
[2026-06-06 13:53:02.236] [info] Storage: read data file = c:\Users\bakel\Desktop\New_GRFMuscleModel\data/Ulrich_Young_Walkers/Subject6\ExpmtlData/GRF/walking_FBexp1_finalNoFB1_forces.mot (nr=119920 nc=19)
[2026-06-06 13:53:02.301] [info] Storage: read data file = c:\Users\bakel\Desktop\New_GRFMuscleModel\data/Ulrich_Young_Walkers/Subject6\StaticOpt/walking_FBexp1_finalNoFB1\results_forces.sto (nr=2998 nc=118)
[2026-06-06 13:53:02.446] [info] Storage: read data file = c:\Users\bakel\Desktop\New_GRFMuscleModel\data/Ulrich_Young_Walkers/Subject6\StaticOpt/walking_FBexp1_finalNoFB1\results_JointReaction_JointRxn_ReactionLoads.sto (nr=2998 nc=127)
[2026-06-06 13:53:02.660] [info] Storage: read data file = c:\Users\bakel\Desktop\New_GRFMuscleModel\data/Ulrich_Young_Walkers/Subject6\ExpmtlData/GRF/walking_FBexp1_finalFB1_forces.mot (nr=119960 nc=19)
[2026-06-06 13:53:02.750] [info] Storage: read data file = c:\Users\bakel\Desktop\New_GRFMuscleModel\data/Ulrich_Young_Walkers/Subject6\StaticOpt/walking_FBexp1_finalFB1\results_forces.sto (nr=2999 nc=118)
[2026-06-06 13:53:02.925] [info] Storage: read data file = c:\Users\bakel\Desktop\New_GRFMuscleModel\data/Ulrich_Young_Walkers/Subject6\StaticOpt/walking_FBexp1_finalFB1\results_JointReaction_JointRxn_ReactionLoads.sto (nr=2999 nc=127)
[2026-06-06 13:53:03.129] [info] Storage: read data file = c:\Users\bakel\Desktop\New_GRFMuscleModel\data/Ulrich_Young_Walkers/Subject6\ExpmtlData/GRF/walking_FBcolor1_finalNoFB1_forces.mot (nr=120200 nc=19)
[2026-06-06 13:53:03.196] [info] Storage: read data file = c:\Users\bakel\Desktop\New_GRFMuscleModel\data/Ulrich_Young_Walkers/Subject6\StaticOpt/walking_FBcolor1_finalNoFB1\results_forces.sto (nr=3005 nc=118)
[2026-06-06 13:53:03.358] [info] Storage: read data file = c:\Users\bakel\Desktop\New_GRFMuscleModel\data/Ulrich_Young_Walkers/Subject6\StaticOpt/walking_FBcolor1_finalNoFB1\results_JointReaction_JointRxn_ReactionLoads.sto (nr=3005 nc=127)
[2026-06-06 13:53:03.569] [info] Storage: read data file = c:\Users\bakel\Desktop\New_GRFMuscleModel\data/Ulrich_Young_Walkers/Subject6\ExpmtlData/GRF/walking_FBcolor1_finalFB1_forces.mot (nr=119720 nc=19)
[2026-06-06 13:53:03.633] [info] Storage: read data file = c:\Users\bakel\Desktop\New_GRFMuscleModel\data/Ulrich_Young_Walkers/Subject6\StaticOpt/walking_FBcolor1_finalFB1\results_forces.sto (nr=2993 nc=118)
[2026-06-06 13:53:03.775] [info] Storage: read data file = c:\Users\bakel\Desktop\New_GRFMuscleModel\data/Ulrich_Young_Walkers/Subject6\StaticOpt/walking_FBcolor1_finalFB1\results_JointReaction_JointRxn_ReactionLoads.sto (nr=2993 nc=127)
[2026-06-06 13:53:03.972] [info] Storage: read data file = c:\Users\bakel\Desktop\New_GRFMuscleModel\data/Ulrich_Young_Walkers/Subject6\ExpmtlData/GRF/walking_FBcolor2_finalNoFB1_forces.mot (nr=119920 nc=19)
[2026-06-06 13:53:04.037] [info] Storage: read data file = c:\Users\bakel\Desktop\New_GRFMuscleModel\data/Ulrich_Young_Walkers/Subject6\StaticOpt/walking_FBcolor2_finalNoFB1\results_forces.sto (nr=2998 nc=118)
[2026-06-06 13:53:04.183] [info] Storage: read data file = c:\Users\bakel\Desktop\New_GRFMuscleModel\data/Ulrich_Young_Walkers/Subject6\StaticOpt/walking_FBcolor2_finalNoFB1\results_JointReaction_JointRxn_ReactionLoads.sto (nr=2998 nc=127)
[2026-06-06 13:53:04.399] [info] Storage: read data file = c:\Users\bakel\Desktop\New_GRFMuscleModel\data/Ulrich_Young_Walkers/Subject6\ExpmtlData/GRF/walking_FBcolor2_finalFB1_forces.mot (nr=129800 nc=19)
[2026-06-06 13:53:04.476] [info] Storage: read data file = c:\Users\bakel\Desktop\New_GRFMuscleModel\data/Ulrich_Young_Walkers/Subject6\StaticOpt/walking_FBcolor2_finalFB1\results_forces.sto (nr=3245 nc=118)
[2026-06-06 13:53:04.629] [info] Storage: read data file = c:\Users\bakel\Desktop\New_GRFMuscleModel\data/Ulrich_Young_Walkers/Subject6\StaticOpt/walking_FBcolor2_finalFB1\results_JointReaction_JointRxn_ReactionLoads.sto (nr=3245 nc=127)
[2026-06-06 13:53:04.839] [info] Storage: read data file = c:\Users\bakel\Desktop\New_GRFMuscleModel\data/Ulrich_Young_Walkers/Subject6\ExpmtlData/GRF/walking_retention1_forces.mot (nr=798080 nc=19)
[2026-06-06 13:53:05.272] [info] Storage: read data file = c:\Users\bakel\Desktop\New_GRFMuscleModel\data/Ulrich_Young_Walkers/Subject6\StaticOpt/walking_retention1\results_forces.sto (nr=19952 nc=118)
[2026-06-06 13:53:06.267] [info] Storage: read data file = c:\Users\bakel\Desktop\New_GRFMuscleModel\data/Ulrich_Young_Walkers/Subject6\StaticOpt/walking_retention1\results_JointReaction_JointRxn_ReactionLoads.sto (nr=19952 nc=127)
[2026-06-06 13:53:07.574] [info] Storage: read data file = c:\Users\bakel\Desktop\New_GRFMuscleModel\data/Ulrich_Young_Walkers/Subject7\ExpmtlData/GRF/walking_baseline1_forces.mot (nr=195000 nc=19)
[2026-06-06 13:53:07.677] [info] Storage: read data file = c:\Users\bakel\Desktop\New_GRFMuscleModel\data/Ulrich_Young_Walkers/Subject7\StaticOpt/walking_baseline1\results_forces.sto (nr=4875 nc=118)
[2026-06-06 13:53:07.907] [info] Storage: read data file = c:\Users\bakel\Desktop\New_GRFMuscleModel\data/Ulrich_Young_Walkers/Subject7\StaticOpt/walking_baseline1\results_JointReaction_JointRxn_ReactionLoads.sto (nr=4875 nc=127)
[2026-06-06 13:53:08.237] [info] Storage: read data file = c:\Users\bakel\Desktop\New_GRFMuscleModel\data/Ulrich_Young_Walkers/Subject7\ExpmtlData/GRF/walking_FBexp1_finalNoFB1_forces.mot (nr=120160 nc=19)
[2026-06-06 13:53:08.301] [info] Storage: read data file = c:\Users\bakel\Desktop\New_GRFMuscleModel\data/Ulrich_Young_Walkers/Subject7\StaticOpt/walking_FBexp1_finalNoFB1\results_forces.sto (nr=3004 nc=118)
[2026-06-06 13:53:08.451] [info] Storage: read data file = c:\Users\bakel\Desktop\New_GRFMuscleModel\data/Ulrich_Young_Walkers/Subject7\StaticOpt/walking_FBexp1_finalNoFB1\results_JointReaction_JointRxn_ReactionLoads.sto (nr=3004 nc=127)
[2026-06-06 13:53:08.648] [info] Storage: read data file = c:\Users\bakel\Desktop\New_GRFMuscleModel\data/Ulrich_Young_Walkers/Subject7\ExpmtlData/GRF/walking_FBexp1_finalFB1_forces.mot (nr=120040 nc=19)
[2026-06-06 13:53:08.711] [info] Storage: read data file = c:\Users\bakel\Desktop\New_GRFMuscleModel\data/Ulrich_Young_Walkers/Subject7\StaticOpt/walking_FBexp1_finalFB1\results_forces.sto (nr=3001 nc=118)
[2026-06-06 13:53:08.853] [info] Storage: read data file = c:\Users\bakel\Desktop\New_GRFMuscleModel\data/Ulrich_Young_Walkers/Subject7\StaticOpt/walking_FBexp1_finalFB1\results_JointReaction_JointRxn_ReactionLoads.sto (nr=3001 nc=127)
[2026-06-06 13:53:09.048] [info] Storage: read data file = c:\Users\bakel\Desktop\New_GRFMuscleModel\data/Ulrich_Young_Walkers/Subject7\ExpmtlData/GRF/walking_FBcolor1_finalNoFB1_forces.mot (nr=120280 nc=19)
[2026-06-06 13:53:09.113] [info] Storage: read data file = c:\Users\bakel\Desktop\New_GRFMuscleModel\data/Ulrich_Young_Walkers/Subject7\StaticOpt/walking_FBcolor1_finalNoFB1\results_forces.sto (nr=3007 nc=118)
[2026-06-06 13:53:09.258] [info] Storage: read data file = c:\Users\bakel\Desktop\New_GRFMuscleModel\data/Ulrich_Young_Walkers/Subject7\StaticOpt/walking_FBcolor1_finalNoFB1\results_JointReaction_JointRxn_ReactionLoads.sto (nr=3007 nc=127)
[2026-06-06 13:53:09.463] [info] Storage: read data file = c:\Users\bakel\Desktop\New_GRFMuscleModel\data/Ulrich_Young_Walkers/Subject7\ExpmtlData/GRF/walking_FBcolor1_finalFB1_forces.mot (nr=119880 nc=19)
[2026-06-06 13:53:09.527] [info] Storage: read data file = c:\Users\bakel\Desktop\New_GRFMuscleModel\data/Ulrich_Young_Walkers/Subject7\StaticOpt/walking_FBcolor1_finalFB1\results_forces.sto (nr=2997 nc=118)
[2026-06-06 13:53:09.669] [info] Storage: read data file = c:\Users\bakel\Desktop\New_GRFMuscleModel\data/Ulrich_Young_Walkers/Subject7\StaticOpt/walking_FBcolor1_finalFB1\results_JointReaction_JointRxn_ReactionLoads.sto (nr=2997 nc=127)
[2026-06-06 13:53:09.864] [info] Storage: read data file = c:\Users\bakel\Desktop\New_GRFMuscleModel\data/Ulrich_Young_Walkers/Subject7\ExpmtlData/GRF/walking_FBcolor2_finalNoFB1_forces.mot (nr=120160 nc=19)
[2026-06-06 13:53:09.930] [info] Storage: read data file = c:\Users\bakel\Desktop\New_GRFMuscleModel\data/Ulrich_Young_Walkers/Subject7\StaticOpt/walking_FBcolor2_finalNoFB1\results_forces.sto (nr=3004 nc=118)
[2026-06-06 13:53:10.073] [info] Storage: read data file = c:\Users\bakel\Desktop\New_GRFMuscleModel\data/Ulrich_Young_Walkers/Subject7\StaticOpt/walking_FBcolor2_finalNoFB1\results_JointReaction_JointRxn_ReactionLoads.sto (nr=3004 nc=127)
[2026-06-06 13:53:10.271] [info] Storage: read data file = c:\Users\bakel\Desktop\New_GRFMuscleModel\data/Ulrich_Young_Walkers/Subject7\ExpmtlData/GRF/walking_FBcolor2_finalFB1_forces.mot (nr=137880 nc=19)
[2026-06-06 13:53:10.353] [info] Storage: read data file = c:\Users\bakel\Desktop\New_GRFMuscleModel\data/Ulrich_Young_Walkers/Subject7\StaticOpt/walking_FBcolor2_finalFB1\results_forces.sto (nr=3447 nc=118)
[2026-06-06 13:53:10.516] [info] Storage: read data file = c:\Users\bakel\Desktop\New_GRFMuscleModel\data/Ulrich_Young_Walkers/Subject7\StaticOpt/walking_FBcolor2_finalFB1\results_JointReaction_JointRxn_ReactionLoads.sto (nr=3447 nc=127)
[2026-06-06 13:53:10.739] [info] Storage: read data file = c:\Users\bakel\Desktop\New_GRFMuscleModel\data/Ulrich_Young_Walkers/Subject7\ExpmtlData/GRF/walking_retention1_forces.mot (nr=751120 nc=19)
[2026-06-06 13:53:11.134] [info] Storage: read data file = c:\Users\bakel\Desktop\New_GRFMuscleModel\data/Ulrich_Young_Walkers/Subject7\StaticOpt/walking_retention1\results_forces.sto (nr=18778 nc=118)
[2026-06-06 13:53:12.038] [info] Storage: read data file = c:\Users\bakel\Desktop\New_GRFMuscleModel\data/Ulrich_Young_Walkers/Subject7\StaticOpt/walking_retention1\results_JointReaction_JointRxn_ReactionLoads.sto (nr=18778 nc=127)
[2026-06-06 13:53:13.266] [info] Storage: read data file = c:\Users\bakel\Desktop\New_GRFMuscleModel\data/Ulrich_Young_Walkers/Subject8\ExpmtlData/GRF/walking_baseline1_forces.mot (nr=200400 nc=19)
[2026-06-06 13:53:13.377] [info] Storage: read data file = c:\Users\bakel\Desktop\New_GRFMuscleModel\data/Ulrich_Young_Walkers/Subject8\StaticOpt/walking_baseline1\results_forces.sto (nr=5010 nc=118)
[2026-06-06 13:53:13.615] [info] Storage: read data file = c:\Users\bakel\Desktop\New_GRFMuscleModel\data/Ulrich_Young_Walkers/Subject8\StaticOpt/walking_baseline1\results_JointReaction_JointRxn_ReactionLoads.sto (nr=5010 nc=127)
[2026-06-06 13:53:13.945] [info] Storage: read data file = c:\Users\bakel\Desktop\New_GRFMuscleModel\data/Ulrich_Young_Walkers/Subject8\ExpmtlData/GRF/walking_FBexp1_finalNoFB1_forces.mot (nr=122400 nc=19)
[2026-06-06 13:53:14.009] [info] Storage: read data file = c:\Users\bakel\Desktop\New_GRFMuscleModel\data/Ulrich_Young_Walkers/Subject8\StaticOpt/walking_FBexp1_finalNoFB1\results_forces.sto (nr=3060 nc=118)
[2026-06-06 13:53:14.153] [info] Storage: read data file = c:\Users\bakel\Desktop\New_GRFMuscleModel\data/Ulrich_Young_Walkers/Subject8\StaticOpt/walking_FBexp1_finalNoFB1\results_JointReaction_JointRxn_ReactionLoads.sto (nr=3060 nc=127)
[2026-06-06 13:53:14.354] [info] Storage: read data file = c:\Users\bakel\Desktop\New_GRFMuscleModel\data/Ulrich_Young_Walkers/Subject8\ExpmtlData/GRF/walking_FBexp1_finalFB1_forces.mot (nr=124320 nc=19)
[2026-06-06 13:53:14.420] [info] Storage: read data file = c:\Users\bakel\Desktop\New_GRFMuscleModel\data/Ulrich_Young_Walkers/Subject8\StaticOpt/walking_FBexp1_finalFB1\results_forces.sto (nr=3108 nc=118)
[2026-06-06 13:53:14.569] [info] Storage: read data file = c:\Users\bakel\Desktop\New_GRFMuscleModel\data/Ulrich_Young_Walkers/Subject8\StaticOpt/walking_FBexp1_finalFB1\results_JointReaction_JointRxn_ReactionLoads.sto (nr=3108 nc=127)
[2026-06-06 13:53:14.775] [info] Storage: read data file = c:\Users\bakel\Desktop\New_GRFMuscleModel\data/Ulrich_Young_Walkers/Subject8\ExpmtlData/GRF/walking_FBcolor1_finalNoFB1_forces.mot (nr=121080 nc=19)
[2026-06-06 13:53:14.841] [info] Storage: read data file = c:\Users\bakel\Desktop\New_GRFMuscleModel\data/Ulrich_Young_Walkers/Subject8\StaticOpt/walking_FBcolor1_finalNoFB1\results_forces.sto (nr=3027 nc=118)
[2026-06-06 13:53:14.982] [info] Storage: read data file = c:\Users\bakel\Desktop\New_GRFMuscleModel\data/Ulrich_Young_Walkers/Subject8\StaticOpt/walking_FBcolor1_finalNoFB1\results_JointReaction_JointRxn_ReactionLoads.sto (nr=3027 nc=127)
[2026-06-06 13:53:15.180] [info] Storage: read data file = c:\Users\bakel\Desktop\New_GRFMuscleModel\data/Ulrich_Young_Walkers/Subject8\ExpmtlData/GRF/walking_FBcolor1_finalFB1_forces.mot (nr=120560 nc=19)
[2026-06-06 13:53:15.248] [info] Storage: read data file = c:\Users\bakel\Desktop\New_GRFMuscleModel\data/Ulrich_Young_Walkers/Subject8\StaticOpt/walking_FBcolor1_finalFB1\results_forces.sto (nr=3014 nc=118)
[2026-06-06 13:53:15.401] [info] Storage: read data file = c:\Users\bakel\Desktop\New_GRFMuscleModel\data/Ulrich_Young_Walkers/Subject8\StaticOpt/walking_FBcolor1_finalFB1\results_JointReaction_JointRxn_ReactionLoads.sto (nr=3014 nc=127)
[2026-06-06 13:53:15.598] [info] Storage: read data file = c:\Users\bakel\Desktop\New_GRFMuscleModel\data/Ulrich_Young_Walkers/Subject8\ExpmtlData/GRF/walking_FBcolor2_finalNoFB1_forces.mot (nr=120400 nc=19)
[2026-06-06 13:53:15.661] [info] Storage: read data file = c:\Users\bakel\Desktop\New_GRFMuscleModel\data/Ulrich_Young_Walkers/Subject8\StaticOpt/walking_FBcolor2_finalNoFB1\results_forces.sto (nr=3010 nc=118)
[2026-06-06 13:53:15.802] [info] Storage: read data file = c:\Users\bakel\Desktop\New_GRFMuscleModel\data/Ulrich_Young_Walkers/Subject8\StaticOpt/walking_FBcolor2_finalNoFB1\results_JointReaction_JointRxn_ReactionLoads.sto (nr=3010 nc=127)
[2026-06-06 13:53:16.005] [info] Storage: read data file = c:\Users\bakel\Desktop\New_GRFMuscleModel\data/Ulrich_Young_Walkers/Subject8\ExpmtlData/GRF/walking_FBcolor2_finalFB1_forces.mot (nr=120640 nc=19)
[2026-06-06 13:53:16.069] [info] Storage: read data file = c:\Users\bakel\Desktop\New_GRFMuscleModel\data/Ulrich_Young_Walkers/Subject8\StaticOpt/walking_FBcolor2_finalFB1\results_forces.sto (nr=3016 nc=118)
[2026-06-06 13:53:16.212] [info] Storage: read data file = c:\Users\bakel\Desktop\New_GRFMuscleModel\data/Ulrich_Young_Walkers/Subject8\StaticOpt/walking_FBcolor2_finalFB1\results_JointReaction_JointRxn_ReactionLoads.sto (nr=3016 nc=127)
[2026-06-06 13:53:16.419] [info] Storage: read data file = c:\Users\bakel\Desktop\New_GRFMuscleModel\data/Ulrich_Young_Walkers/Subject8\ExpmtlData/GRF/walking_retention1_forces.mot (nr=728640 nc=19)
[2026-06-06 13:53:16.808] [info] Storage: read data file = c:\Users\bakel\Desktop\New_GRFMuscleModel\data/Ulrich_Young_Walkers/Subject8\StaticOpt/walking_retention1\results_forces.sto (nr=18216 nc=118)
[2026-06-06 13:53:17.681] [info] Storage: read data file = c:\Users\bakel\Desktop\New_GRFMuscleModel\data/Ulrich_Young_Walkers/Subject8\StaticOpt/walking_retention1\results_JointReaction_JointRxn_ReactionLoads.sto (nr=18216 nc=127)
[2026-06-06 13:53:18.865] [info] Storage: read data file = c:\Users\bakel\Desktop\New_GRFMuscleModel\data/Ulrich_Young_Walkers/Subject9\ExpmtlData/GRF/walking_baseline1_forces.mot (nr=161440 nc=19)
[2026-06-06 13:53:18.950] [info] Storage: read data file = c:\Users\bakel\Desktop\New_GRFMuscleModel\data/Ulrich_Young_Walkers/Subject9\StaticOpt/walking_baseline1\results_forces.sto (nr=4036 nc=118)
[2026-06-06 13:53:19.141] [info] Storage: read data file = c:\Users\bakel\Desktop\New_GRFMuscleModel\data/Ulrich_Young_Walkers/Subject9\StaticOpt/walking_baseline1\results_JointReaction_JointRxn_ReactionLoads.sto (nr=4036 nc=127)
[2026-06-06 13:53:19.406] [info] Storage: read data file = c:\Users\bakel\Desktop\New_GRFMuscleModel\data/Ulrich_Young_Walkers/Subject9\ExpmtlData/GRF/walking_FBexp1_finalNoFB1_forces.mot (nr=139560 nc=19)
[2026-06-06 13:53:19.482] [info] Storage: read data file = c:\Users\bakel\Desktop\New_GRFMuscleModel\data/Ulrich_Young_Walkers/Subject9\StaticOpt/walking_FBexp1_finalNoFB1\results_forces.sto (nr=3489 nc=118)
[2026-06-06 13:53:19.644] [info] Storage: read data file = c:\Users\bakel\Desktop\New_GRFMuscleModel\data/Ulrich_Young_Walkers/Subject9\StaticOpt/walking_FBexp1_finalNoFB1\results_JointReaction_JointRxn_ReactionLoads.sto (nr=3489 nc=127)
[2026-06-06 13:53:19.870] [info] Storage: read data file = c:\Users\bakel\Desktop\New_GRFMuscleModel\data/Ulrich_Young_Walkers/Subject9\ExpmtlData/GRF/walking_FBexp1_finalFB1_forces.mot (nr=120440 nc=19)
[2026-06-06 13:53:19.934] [info] Storage: read data file = c:\Users\bakel\Desktop\New_GRFMuscleModel\data/Ulrich_Young_Walkers/Subject9\StaticOpt/walking_FBexp1_finalFB1\results_forces.sto (nr=3011 nc=118)
[2026-06-06 13:53:20.077] [info] Storage: read data file = c:\Users\bakel\Desktop\New_GRFMuscleModel\data/Ulrich_Young_Walkers/Subject9\StaticOpt/walking_FBexp1_finalFB1\results_JointReaction_JointRxn_ReactionLoads.sto (nr=3011 nc=127)
[2026-06-06 13:53:20.271] [info] Storage: read data file = c:\Users\bakel\Desktop\New_GRFMuscleModel\data/Ulrich_Young_Walkers/Subject9\ExpmtlData/GRF/walking_FBcolor1_finalNoFB1_forces.mot (nr=121920 nc=19)
[2026-06-06 13:53:20.336] [info] Storage: read data file = c:\Users\bakel\Desktop\New_GRFMuscleModel\data/Ulrich_Young_Walkers/Subject9\StaticOpt/walking_FBcolor1_finalNoFB1\results_forces.sto (nr=3048 nc=118)
[2026-06-06 13:53:20.484] [info] Storage: read data file = c:\Users\bakel\Desktop\New_GRFMuscleModel\data/Ulrich_Young_Walkers/Subject9\StaticOpt/walking_FBcolor1_finalNoFB1\results_JointReaction_JointRxn_ReactionLoads.sto (nr=3048 nc=127)
[2026-06-06 13:53:20.713] [info] Storage: read data file = c:\Users\bakel\Desktop\New_GRFMuscleModel\data/Ulrich_Young_Walkers/Subject9\ExpmtlData/GRF/walking_FBcolor1_finalFB1_forces.mot (nr=120800 nc=19)
[2026-06-06 13:53:20.777] [info] Storage: read data file = c:\Users\bakel\Desktop\New_GRFMuscleModel\data/Ulrich_Young_Walkers/Subject9\StaticOpt/walking_FBcolor1_finalFB1\results_forces.sto (nr=3020 nc=118)
[2026-06-06 13:53:20.918] [info] Storage: read data file = c:\Users\bakel\Desktop\New_GRFMuscleModel\data/Ulrich_Young_Walkers/Subject9\StaticOpt/walking_FBcolor1_finalFB1\results_JointReaction_JointRxn_ReactionLoads.sto (nr=3020 nc=127)
[2026-06-06 13:53:21.112] [info] Storage: read data file = c:\Users\bakel\Desktop\New_GRFMuscleModel\data/Ulrich_Young_Walkers/Subject9\ExpmtlData/GRF/walking_FBcolor2_finalNoFB1_forces.mot (nr=120680 nc=19)
[2026-06-06 13:53:21.175] [info] Storage: read data file = c:\Users\bakel\Desktop\New_GRFMuscleModel\data/Ulrich_Young_Walkers/Subject9\StaticOpt/walking_FBcolor2_finalNoFB1\results_forces.sto (nr=3017 nc=118)
[2026-06-06 13:53:21.322] [info] Storage: read data file = c:\Users\bakel\Desktop\New_GRFMuscleModel\data/Ulrich_Young_Walkers/Subject9\StaticOpt/walking_FBcolor2_finalNoFB1\results_JointReaction_JointRxn_ReactionLoads.sto (nr=3017 nc=127)
[2026-06-06 13:53:21.522] [info] Storage: read data file = c:\Users\bakel\Desktop\New_GRFMuscleModel\data/Ulrich_Young_Walkers/Subject9\ExpmtlData/GRF/walking_FBcolor2_finalFB1_forces.mot (nr=120680 nc=19)
[2026-06-06 13:53:21.586] [info] Storage: read data file = c:\Users\bakel\Desktop\New_GRFMuscleModel\data/Ulrich_Young_Walkers/Subject9\StaticOpt/walking_FBcolor2_finalFB1\results_forces.sto (nr=3017 nc=118)
[2026-06-06 13:53:21.731] [info] Storage: read data file = c:\Users\bakel\Desktop\New_GRFMuscleModel\data/Ulrich_Young_Walkers/Subject9\StaticOpt/walking_FBcolor2_finalFB1\results_JointReaction_JointRxn_ReactionLoads.sto (nr=3017 nc=127)
[2026-06-06 13:53:21.937] [info] Storage: read data file = c:\Users\bakel\Desktop\New_GRFMuscleModel\data/Ulrich_Young_Walkers/Subject9\ExpmtlData/GRF/walking_retention1_forces.mot (nr=743760 nc=19)
[2026-06-06 13:53:22.358] [info] Storage: read data file = c:\Users\bakel\Desktop\New_GRFMuscleModel\data/Ulrich_Young_Walkers/Subject9\StaticOpt/walking_retention1\results_forces.sto (nr=18594 nc=118)
[2026-06-06 13:53:23.248] [info] Storage: read data file = c:\Users\bakel\Desktop\New_GRFMuscleModel\data/Ulrich_Young_Walkers/Subject9\StaticOpt/walking_retention1\results_JointReaction_JointRxn_ReactionLoads.sto (nr=18594 nc=127)
[2026-06-06 13:53:24.482] [info] Storage: read data file = c:\Users\bakel\Desktop\New_GRFMuscleModel\data/Ulrich_Young_Walkers/Subject10\ExpmtlData/GRF/walking_baseline1_forces.mot (nr=143480 nc=19)
[2026-06-06 13:53:24.557] [info] Storage: read data file = c:\Users\bakel\Desktop\New_GRFMuscleModel\data/Ulrich_Young_Walkers/Subject10\StaticOpt/walking_baseline1\results_forces.sto (nr=3587 nc=118)
[2026-06-06 13:53:24.726] [info] Storage: read data file = c:\Users\bakel\Desktop\New_GRFMuscleModel\data/Ulrich_Young_Walkers/Subject10\StaticOpt/walking_baseline1\results_JointReaction_JointRxn_ReactionLoads.sto (nr=3587 nc=127)
[2026-06-06 13:53:24.971] [info] Storage: read data file = c:\Users\bakel\Desktop\New_GRFMuscleModel\data/Ulrich_Young_Walkers/Subject10\ExpmtlData/GRF/walking_FBexp1_finalNoFB1_forces.mot (nr=120640 nc=19)
[2026-06-06 13:53:25.035] [info] Storage: read data file = c:\Users\bakel\Desktop\New_GRFMuscleModel\data/Ulrich_Young_Walkers/Subject10\StaticOpt/walking_FBexp1_finalNoFB1\results_forces.sto (nr=3016 nc=118)
[2026-06-06 13:53:25.177] [info] Storage: read data file = c:\Users\bakel\Desktop\New_GRFMuscleModel\data/Ulrich_Young_Walkers/Subject10\StaticOpt/walking_FBexp1_finalNoFB1\results_JointReaction_JointRxn_ReactionLoads.sto (nr=3016 nc=127)
[2026-06-06 13:53:25.370] [info] Storage: read data file = c:\Users\bakel\Desktop\New_GRFMuscleModel\data/Ulrich_Young_Walkers/Subject10\ExpmtlData/GRF/walking_FBexp1_finalFB1_forces.mot (nr=120640 nc=19)
[2026-06-06 13:53:25.433] [info] Storage: read data file = c:\Users\bakel\Desktop\New_GRFMuscleModel\data/Ulrich_Young_Walkers/Subject10\StaticOpt/walking_FBexp1_finalFB1\results_forces.sto (nr=3016 nc=118)
[2026-06-06 13:53:25.575] [info] Storage: read data file = c:\Users\bakel\Desktop\New_GRFMuscleModel\data/Ulrich_Young_Walkers/Subject10\StaticOpt/walking_FBexp1_finalFB1\results_JointReaction_JointRxn_ReactionLoads.sto (nr=3016 nc=127)
[2026-06-06 13:53:25.769] [info] Storage: read data file = c:\Users\bakel\Desktop\New_GRFMuscleModel\data/Ulrich_Young_Walkers/Subject10\ExpmtlData/GRF/walking_FBcolor1_finalNoFB1_forces.mot (nr=120880 nc=19)
[2026-06-06 13:53:25.834] [info] Storage: read data file = c:\Users\bakel\Desktop\New_GRFMuscleModel\data/Ulrich_Young_Walkers/Subject10\StaticOpt/walking_FBcolor1_finalNoFB1\results_forces.sto (nr=3022 nc=118)
[2026-06-06 13:53:25.975] [info] Storage: read data file = c:\Users\bakel\Desktop\New_GRFMuscleModel\data/Ulrich_Young_Walkers/Subject10\StaticOpt/walking_FBcolor1_finalNoFB1\results_JointReaction_JointRxn_ReactionLoads.sto (nr=3022 nc=127)
[2026-06-06 13:53:26.183] [info] Storage: read data file = c:\Users\bakel\Desktop\New_GRFMuscleModel\data/Ulrich_Young_Walkers/Subject10\ExpmtlData/GRF/walking_FBcolor1_finalFB1_forces.mot (nr=120360 nc=19)
[2026-06-06 13:53:26.257] [info] Storage: read data file = c:\Users\bakel\Desktop\New_GRFMuscleModel\data/Ulrich_Young_Walkers/Subject10\StaticOpt/walking_FBcolor1_finalFB1\results_forces.sto (nr=3009 nc=118)
[2026-06-06 13:53:26.398] [info] Storage: read data file = c:\Users\bakel\Desktop\New_GRFMuscleModel\data/Ulrich_Young_Walkers/Subject10\StaticOpt/walking_FBcolor1_finalFB1\results_JointReaction_JointRxn_ReactionLoads.sto (nr=3009 nc=127)
[2026-06-06 13:53:26.594] [info] Storage: read data file = c:\Users\bakel\Desktop\New_GRFMuscleModel\data/Ulrich_Young_Walkers/Subject10\ExpmtlData/GRF/walking_FBcolor2_finalNoFB1_forces.mot (nr=120800 nc=19)
[2026-06-06 13:53:26.657] [info] Storage: read data file = c:\Users\bakel\Desktop\New_GRFMuscleModel\data/Ulrich_Young_Walkers/Subject10\StaticOpt/walking_FBcolor2_finalNoFB1\results_forces.sto (nr=3020 nc=118)
[2026-06-06 13:53:26.797] [info] Storage: read data file = c:\Users\bakel\Desktop\New_GRFMuscleModel\data/Ulrich_Young_Walkers/Subject10\StaticOpt/walking_FBcolor2_finalNoFB1\results_JointReaction_JointRxn_ReactionLoads.sto (nr=3020 nc=127)
[2026-06-06 13:53:27.004] [info] Storage: read data file = c:\Users\bakel\Desktop\New_GRFMuscleModel\data/Ulrich_Young_Walkers/Subject10\ExpmtlData/GRF/walking_FBcolor2_finalFB1_forces.mot (nr=119880 nc=19)
[2026-06-06 13:53:27.072] [info] Storage: read data file = c:\Users\bakel\Desktop\New_GRFMuscleModel\data/Ulrich_Young_Walkers/Subject10\StaticOpt/walking_FBcolor2_finalFB1\results_forces.sto (nr=2997 nc=118)
[2026-06-06 13:53:27.216] [info] Storage: read data file = c:\Users\bakel\Desktop\New_GRFMuscleModel\data/Ulrich_Young_Walkers/Subject10\StaticOpt/walking_FBcolor2_finalFB1\results_JointReaction_JointRxn_ReactionLoads.sto (nr=2997 nc=127)
[2026-06-06 13:53:27.409] [info] Storage: read data file = c:\Users\bakel\Desktop\New_GRFMuscleModel\data/Ulrich_Young_Walkers/Subject10\ExpmtlData/GRF/walking_retention1_forces.mot (nr=739160 nc=19)
[2026-06-06 13:53:27.797] [info] Storage: read data file = c:\Users\bakel\Desktop\New_GRFMuscleModel\data/Ulrich_Young_Walkers/Subject10\StaticOpt/walking_retention1\results_forces.sto (nr=18479 nc=118)
[2026-06-06 13:53:28.662] [info] Storage: read data file = c:\Users\bakel\Desktop\New_GRFMuscleModel\data/Ulrich_Young_Walkers/Subject10\StaticOpt/walking_retention1\results_JointReaction_JointRxn_ReactionLoads.sto (nr=18479 nc=127)
